item_id,nome,categoria,preco,descricao,imagem_url,cat_idx
0,Fone de Ouvido Sem Fio Cool,Eletrônicos,387.05,Fone de Ouvido Sem Fio Cool da categoria Eletrônicos. Produto de alta qualidade para o dia a dia.,https://via.placeholder.com/300x300?text=Item0,4
1,Quadro Fotografia Prime,Casa e Decoração,951.7,Quadro Fotografia Prime da categoria Casa e Decoração. Produto de alta qualidade para o dia a dia.,https://via.placeholder.com/300x300?text=Item1,3
2,Webcam HD Pro,Eletrônicos,737.35,Webcam HD Pro da categoria Eletrônicos. Produto de alta qualidade para o dia a dia.,https://via.placeholder.com/300x300?text=Item2,4
3,Raquete Tênis Smart,Esportes,606.69,Raquete Tênis Smart da categoria Esportes. Produto de alta qualidade para o dia a dia.,https://via.placeholder.com/300x300?text=Item3,5
4,Mouse Sem Fio Top,Eletrônicos,172.9,Mouse Sem Fio Top da categoria Eletrônicos. Produto de alta qualidade para o dia a dia.,https://via.placeholder.com/300x300?text=Item4,4
5,Meia Esportiva Top,Roupas,172.87,Meia Esportiva Top da categoria Roupas. Produto de alta qualidade para o dia a dia.,https://via.placeholder.com/300x300?text=Item5,7
6,Bola de Futebol Classic,Esportes,76.92,Bola de Futebol Classic da categoria Esportes. Produto de alta qualidade para o dia a dia.,https://via.placeholder.com/300x300?text=Item6,5
7,Condicionador Hidratante Prime,Beleza e Cuidados,868.85,Condicionador Hidratante Prime da categoria Beleza e Cuidados. Produto de alta qualidade para o dia a dia.,https://via.placeholder.com/300x300?text=Item7,1
8,Haltere 5kg Cool,Esportes,609.09,Haltere 5kg Cool da categoria Esportes. Produto de alta qualidade para o dia a dia.,https://via.placeholder.com/300x300?text=Item8,5
9,Cerveja Stout Fit,Alimentos e Bebidas,713.91,Cerveja Stout Fit da categoria Alimentos e Bebidas. Produto de alta qualidade para o dia a dia.,https://via.placeholder.com/300x300?text=Item9,0
10,Fone de Ouvido Sem Fio Trend,Eletrônicos,40.17,Fone de Ouvido Sem Fio Trend da categoria Eletrônicos. Produto de alta qualidade para o dia a dia.,https://via.placeholder.com/300x300?text=Item10,4
11,Teclado Mecânico Fit,Eletrônicos,970.51,Teclado Mecânico Fit da categoria Eletrônicos. Produto de alta qualidade para o dia a dia.,https://via.placeholder.com/300x300?text=Item11,4
12,Condicionador Hidratante Classic,Beleza e Cuidados,835.79,Condicionador Hidratante Classic da categoria Beleza e Cuidados. Produto de alta qualidade para o dia a dia.,https://via.placeholder.com/300x300?text=Item12,1
13,Carregador Portátil Pro,Eletrônicos,228.09,Carregador Portátil Pro da categoria Eletrônicos. Produto de alta qualidade para o dia a dia.,https://via.placeholder.com/300x300?text=Item13,4
14,Hidratante Facial Fit,Beleza e Cuidados,198.19,Hidratante Facial Fit da categoria Beleza e Cuidados. Produto de alta qualidade para o dia a dia.,https://via.placeholder.com/300x300?text=Item14,1
15,Relógio de Parede Minimalista Smart,Casa e Decoração,199.74,Relógio de Parede Minimalista Smart da categoria Casa e Decoração. Produto de alta qualidade para o dia a dia.,https://via.placeholder.com/300x300?text=Item15,3
16,Porta-Retrato Metal Pro,Casa e Decoração,318.16,Porta-Retrato Metal Pro da categoria Casa e Decoração. Produto de alta qualidade para o dia a dia.,https://via.placeholder.com/300x300?text=Item16,3
17,Relógio de Parede Minimalista Trend,Casa e Decoração,534.26,Relógio de Parede Minimalista Trend da categoria Casa e Decoração. Produto de alta qualidade para o dia a dia.,https://via.placeholder.com/300x300?text=Item17,3
18,Perfume Cítrico Nexus,Beleza e Cuidados,443.31,Perfume Cítrico Nexus da categoria Beleza e Cuidados. Produto de alta qualidade para o dia a dia.,https://via.placeholder.com/300x300?text=Item18,1
19,Blocos de Montar Veículos Fit,Brinquedos,305.4,Blocos de Montar Veículos Fit da categoria Brinquedos. Produto de alta qualidade para o dia a dia.,https://via.placeholder.com/300x300?text=Item19,2
20,Blocos de Montar Veículos Nexus,Brinquedos,619.62,Blocos de Montar Veículos Nexus da categoria Brinquedos. Produto de alta qualidade para o dia a dia.,https://via.placeholder.com/300x300?text=Item20,2
21,Condicionador Hidratante Lumina,Beleza e Cuidados,156.7,Condicionador Hidratante Lumina da categoria Beleza e Cuidados. Produto de alta qualidade para o dia a dia.,https://via.placeholder.com/300x300?text=Item21,1
22,Chá Verde Top,Alimentos e Bebidas,306.3,Chá Verde Top da categoria Alimentos e Bebidas. Produto de alta qualidade para o dia a dia.,https://via.placeholder.com/300x300?text=Item22,0
23,Azeite Extra Virgem Trend,Alimentos e Bebidas,379.03,Azeite Extra Virgem Trend da categoria Alimentos e Bebidas. Produto de alta qualidade para o dia a dia.,https://via.placeholder.com/300x300?text=Item23,0
24,Hidratante Facial Top,Beleza e Cuidados,466.95,Hidratante Facial Top da categoria Beleza e Cuidados. Produto de alta qualidade para o dia a dia.,https://via.placeholder.com/300x300?text=Item24,1
25,Kite Mini Top,Brinquedos,789.47,Kite Mini Top da categoria Brinquedos. Produto de alta qualidade para o dia a dia.,https://via.placeholder.com/300x300?text=Item25,2
26,Shorts Jeans Trend,Roupas,215.68,Shorts Jeans Trend da categoria Roupas. Produto de alta qualidade para o dia a dia.,https://via.placeholder.com/300x300?text=Item26,7
27,Condicionador Hidratante Top,Beleza e Cuidados,523.95,Condicionador Hidratante Top da categoria Beleza e Cuidados. Produto de alta qualidade para o dia a dia.,https://via.placeholder.com/300x300?text=Item27,1
28,Blocos de Montar Veículos Nexus,Brinquedos,600.57,Blocos de Montar Veículos Nexus da categoria Brinquedos. Produto de alta qualidade para o dia a dia.,https://via.placeholder.com/300x300?text=Item28,2
29,Livro de Ficção Nexus,Livros e Papelaria,65.52,Livro de Ficção Nexus da categoria Livros e Papelaria. Produto de alta qualidade para o dia a dia.,https://via.placeholder.com/300x300?text=Item29,6
30,Caderno Inteligente Cool,Livros e Papelaria,615.39,Caderno Inteligente Cool da categoria Livros e Papelaria. Produto de alta qualidade para o dia a dia.,https://via.placeholder.com/300x300?text=Item30,6
31,Cerveja Stout VerdeVida,Alimentos e Bebidas,187.11,Cerveja Stout VerdeVida da categoria Alimentos e Bebidas. Produto de alta qualidade para o dia a dia.,https://via.placeholder.com/300x300?text=Item31,0
32,Hidratante Facial Trend,Beleza e Cuidados,83.75,Hidratante Facial Trend da categoria Beleza e Cuidados. Produto de alta qualidade para o dia a dia.,https://via.placeholder.com/300x300?text=Item32,1
33,Haltere 5kg Top,Esportes,949.91,Haltere 5kg Top da categoria Esportes. Produto de alta qualidade para o dia a dia.,https://via.placeholder.com/300x300?text=Item33,5
34,Chá Verde Classic,Alimentos e Bebidas,966.32,Chá Verde Classic da categoria Alimentos e Bebidas. Produto de alta qualidade para o dia a dia.,https://via.placeholder.com/300x300?text=Item34,0
35,Fone de Ouvido Sem Fio Pro,Eletrônicos,812.23,Fone de Ouvido Sem Fio Pro da categoria Eletrônicos. Produto de alta qualidade para o dia a dia.,https://via.placeholder.com/300x300?text=Item35,4
36,Cerveja Stout Nexus,Alimentos e Bebidas,318.52,Cerveja Stout Nexus da categoria Alimentos e Bebidas. Produto de alta qualidade para o dia a dia.,https://via.placeholder.com/300x300?text=Item36,0
37,Corda de Pular Pro,Esportes,115.72,Corda de Pular Pro da categoria Esportes. Produto de alta qualidade para o dia a dia.,https://via.placeholder.com/300x300?text=Item37,5
38,Luva de Goleiro Lumina,Esportes,690.55,Luva de Goleiro Lumina da categoria Esportes. Produto de alta qualidade para o dia a dia.,https://via.placeholder.com/300x300?text=Item38,5
39,Marcador de Página Cool,Livros e Papelaria,451.35,Marcador de Página Cool da categoria Livros e Papelaria. Produto de alta qualidade para o dia a dia.,https://via.placeholder.com/300x300?text=Item39,6
40,Camiseta Polo Nexus,Roupas,139.6,Camiseta Polo Nexus da categoria Roupas. Produto de alta qualidade para o dia a dia.,https://via.placeholder.com/300x300?text=Item40,7
41,Escova de Cabelo Raquete Pro,Beleza e Cuidados,505.27,Escova de Cabelo Raquete Pro da categoria Beleza e Cuidados. Produto de alta qualidade para o dia a dia.,https://via.placeholder.com/300x300?text=Item41,1
42,Perfume Cítrico Prime,Beleza e Cuidados,53.7,Perfume Cítrico Prime da categoria Beleza e Cuidados. Produto de alta qualidade para o dia a dia.,https://via.placeholder.com/300x300?text=Item42,1
43,Puzzle Arte Cool,Livros e Papelaria,911.13,Puzzle Arte Cool da categoria Livros e Papelaria. Produto de alta qualidade para o dia a dia.,https://via.placeholder.com/300x300?text=Item43,6
44,Chá Verde Pro,Alimentos e Bebidas,273.6,Chá Verde Pro da categoria Alimentos e Bebidas. Produto de alta qualidade para o dia a dia.,https://via.placeholder.com/300x300?text=Item44,0
45,Hidratante Facial Lumina,Beleza e Cuidados,669.27,Hidratante Facial Lumina da categoria Beleza e Cuidados. Produto de alta qualidade para o dia a dia.,https://via.placeholder.com/300x300?text=Item45,1
46,Quadro Fotografia Fit,Casa e Decoração,325.48,Quadro Fotografia Fit da categoria Casa e Decoração. Produto de alta qualidade para o dia a dia.,https://via.placeholder.com/300x300?text=Item46,3
47,Chá Verde VerdeVida,Alimentos e Bebidas,529.67,Chá Verde VerdeVida da categoria Alimentos e Bebidas. Produto de alta qualidade para o dia a dia.,https://via.placeholder.com/300x300?text=Item47,0
48,Meia Esportiva Fit,Roupas,555.78,Meia Esportiva Fit da categoria Roupas. Produto de alta qualidade para o dia a dia.,https://via.placeholder.com/300x300?text=Item48,7
49,Puzzle Arte Pro,Livros e Papelaria,201.16,Puzzle Arte Pro da categoria Livros e Papelaria. Produto de alta qualidade para o dia a dia.,https://via.placeholder.com/300x300?text=Item49,6
50,Quebra-Cabeça 500 Peças Top,Brinquedos,970.19,Quebra-Cabeça 500 Peças Top da categoria Brinquedos. Produto de alta qualidade para o dia a dia.,https://via.placeholder.com/300x300?text=Item50,2
51,Boné Aba Reta Lumina,Roupas,779.63,Boné Aba Reta Lumina da categoria Roupas. Produto de alta qualidade para o dia a dia.,https://via.placeholder.com/300x300?text=Item51,7
52,Fone de Ouvido Sem Fio Classic,Eletrônicos,940.71,Fone de Ouvido Sem Fio Classic da categoria Eletrônicos. Produto de alta qualidade para o dia a dia.,https://via.placeholder.com/300x300?text=Item52,4
53,Webcam HD Prime,Eletrônicos,896.93,Webcam HD Prime da categoria Eletrônicos. Produto de alta qualidade para o dia a dia.,https://via.placeholder.com/300x300?text=Item53,4
54,Azeite Extra Virgem VerdeVida,Alimentos e Bebidas,605.94,Azeite Extra Virgem VerdeVida da categoria Alimentos e Bebidas. Produto de alta qualidade para o dia a dia.,https://via.placeholder.com/300x300?text=Item54,0
55,Café Especial VerdeVida,Alimentos e Bebidas,923.44,Café Especial VerdeVida da categoria Alimentos e Bebidas. Produto de alta qualidade para o dia a dia.,https://via.placeholder.com/300x300?text=Item55,0
56,Bola de Futebol VerdeVida,Esportes,106.72,Bola de Futebol VerdeVida da categoria Esportes. Produto de alta qualidade para o dia a dia.,https://via.placeholder.com/300x300?text=Item56,5
57,Porta-Retrato Metal Trend,Casa e Decoração,212.06,Porta-Retrato Metal Trend da categoria Casa e Decoração. Produto de alta qualidade para o dia a dia.,https://via.placeholder.com/300x300?text=Item57,3
58,Boneco Articulado VerdeVida,Brinquedos,64.32,Boneco Articulado VerdeVida da categoria Brinquedos. Produto de alta qualidade para o dia a dia.,https://via.placeholder.com/300x300?text=Item58,2
59,Puzzle Arte Top,Livros e Papelaria,338.82,Puzzle Arte Top da categoria Livros e Papelaria. Produto de alta qualidade para o dia a dia.,https://via.placeholder.com/300x300?text=Item59,6
60,Relógio de Parede Minimalista Fit,Casa e Decoração,400.9,Relógio de Parede Minimalista Fit da categoria Casa e Decoração. Produto de alta qualidade para o dia a dia.,https://via.placeholder.com/300x300?text=Item60,3
61,Meia Esportiva VerdeVida,Roupas,285.92,Meia Esportiva VerdeVida da categoria Roupas. Produto de alta qualidade para o dia a dia.,https://via.placeholder.com/300x300?text=Item61,7
62,Tapete Geométrico Top,Casa e Decoração,832.16,Tapete Geométrico Top da categoria Casa e Decoração. Produto de alta qualidade para o dia a dia.,https://via.placeholder.com/300x300?text=Item62,3
63,Camiseta Polo Nexus,Roupas,369.62,Camiseta Polo Nexus da categoria Roupas. Produto de alta qualidade para o dia a dia.,https://via.placeholder.com/300x300?text=Item63,7
64,Boné Aba Reta Pro,Roupas,295.32,Boné Aba Reta Pro da categoria Roupas. Produto de alta qualidade para o dia a dia.,https://via.placeholder.com/300x300?text=Item64,7
65,Shorts Jeans Pro,Roupas,551.84,Shorts Jeans Pro da categoria Roupas. Produto de alta qualidade para o dia a dia.,https://via.placeholder.com/300x300?text=Item65,7
66,Porta-Retrato Metal Nexus,Casa e Decoração,158.11,Porta-Retrato Metal Nexus da categoria Casa e Decoração. Produto de alta qualidade para o dia a dia.,https://via.placeholder.com/300x300?text=Item66,3
67,Caderno Inteligente VerdeVida,Livros e Papelaria,806.15,Caderno Inteligente VerdeVida da categoria Livros e Papelaria. Produto de alta qualidade para o dia a dia.,https://via.placeholder.com/300x300?text=Item67,6
68,Chá Verde Lumina,Alimentos e Bebidas,93.06,Chá Verde Lumina da categoria Alimentos e Bebidas. Produto de alta qualidade para o dia a dia.,https://via.placeholder.com/300x300?text=Item68,0
69,Caderno Inteligente Classic,Livros e Papelaria,987.15,Caderno Inteligente Classic da categoria Livros e Papelaria. Produto de alta qualidade para o dia a dia.,https://via.placeholder.com/300x300?text=Item69,6
70,Bola de Futebol Pro,Esportes,776.8,Bola de Futebol Pro da categoria Esportes. Produto de alta qualidade para o dia a dia.,https://via.placeholder.com/300x300?text=Item70,5
71,Carregador Portátil Fit,Eletrônicos,214.74,Carregador Portátil Fit da categoria Eletrônicos. Produto de alta qualidade para o dia a dia.,https://via.placeholder.com/300x300?text=Item71,4
72,Luva de Goleiro Classic,Esportes,25.41,Luva de Goleiro Classic da categoria Esportes. Produto de alta qualidade para o dia a dia.,https://via.placeholder.com/300x300?text=Item72,5
73,Camiseta Polo Smart,Roupas,819.15,Camiseta Polo Smart da categoria Roupas. Produto de alta qualidade para o dia a dia.,https://via.placeholder.com/300x300?text=Item73,7
74,Haltere 5kg Pro,Esportes,712.72,Haltere 5kg Pro da categoria Esportes. Produto de alta qualidade para o dia a dia.,https://via.placeholder.com/300x300?text=Item74,5
75,Quadro Fotografia Top,Casa e Decoração,734.43,Quadro Fotografia Top da categoria Casa e Decoração. Produto de alta qualidade para o dia a dia.,https://via.placeholder.com/300x300?text=Item75,3
76,Caderno Inteligente Trend,Livros e Papelaria,775.84,Caderno Inteligente Trend da categoria Livros e Papelaria. Produto de alta qualidade para o dia a dia.,https://via.placeholder.com/300x300?text=Item76,6
77,Café Especial Classic,Alimentos e Bebidas,92.56,Café Especial Classic da categoria Alimentos e Bebidas. Produto de alta qualidade para o dia a dia.,https://via.placeholder.com/300x300?text=Item77,0
78,Relógio de Parede Minimalista Classic,Casa e Decoração,371.3,Relógio de Parede Minimalista Classic da categoria Casa e Decoração. Produto de alta qualidade para o dia a dia.,https://via.placeholder.com/300x300?text=Item78,3
79,Fone de Ouvido Sem Fio Nexus,Eletrônicos,133.55,Fone de Ouvido Sem Fio Nexus da categoria Eletrônicos. Produto de alta qualidade para o dia a dia.,https://via.placeholder.com/300x300?text=Item79,4
80,Camiseta Polo Top,Roupas,865.84,Camiseta Polo Top da categoria Roupas. Produto de alta qualidade para o dia a dia.,https://via.placeholder.com/300x300?text=Item80,7
81,Azeite Extra Virgem Classic,Alimentos e Bebidas,630.83,Azeite Extra Virgem Classic da categoria Alimentos e Bebidas. Produto de alta qualidade para o dia a dia.,https://via.placeholder.com/300x300?text=Item81,0
82,Caderno Inteligente Trend,Livros e Papelaria,344.28,Caderno Inteligente Trend da categoria Livros e Papelaria. Produto de alta qualidade para o dia a dia.,https://via.placeholder.com/300x300?text=Item82,6
83,Boné Aba Reta Trend,Roupas,82.29,Boné Aba Reta Trend da categoria Roupas. Produto de alta qualidade para o dia a dia.,https://via.placeholder.com/300x300?text=Item83,7
84,Jaqueta Corta-Vento Cool,Roupas,324.76,Jaqueta Corta-Vento Cool da categoria Roupas. Produto de alta qualidade para o dia a dia.,https://via.placeholder.com/300x300?text=Item84,7
85,Caneta Esferográfica Trend,Livros e Papelaria,338.68,Caneta Esferográfica Trend da categoria Livros e Papelaria. Produto de alta qualidade para o dia a dia.,https://via.placeholder.com/300x300?text=Item85,6
86,Caderno Inteligente Top,Livros e Papelaria,735.01,Caderno Inteligente Top da categoria Livros e Papelaria. Produto de alta qualidade para o dia a dia.,https://via.placeholder.com/300x300?text=Item86,6
87,Escova de Cabelo Ventoinha Smart,Beleza e Cuidados,644.81,Escova de Cabelo Ventoinha Smart da categoria Beleza e Cuidados. Produto de alta qualidade para o dia a dia.,https://via.placeholder.com/300x300?text=Item87,1
88,Shorts Jeans Smart,Roupas,889.47,Shorts Jeans Smart da categoria Roupas. Produto de alta qualidade para o dia a dia.,https://via.placeholder.com/300x300?text=Item88,7
89,Meia Esportiva Classic,Roupas,482.77,Meia Esportiva Classic da categoria Roupas. Produto de alta qualidade para o dia a dia.,https://via.placeholder.com/300x300?text=Item89,7
90,Barra de Cereal Chocolate VerdeVida,Alimentos e Bebidas,137.2,Barra de Cereal Chocolate VerdeVida da categoria Alimentos e Bebidas. Produto de alta qualidade para o dia a dia.,https://via.placeholder.com/300x300?text=Item90,0
91,Mouse Sem Fio Pro,Eletrônicos,718.98,Mouse Sem Fio Pro da categoria Eletrônicos. Produto de alta qualidade para o dia a dia.,https://via.placeholder.com/300x300?text=Item91,4
92,Mouse Sem Fio Trend,Eletrônicos,765.57,Mouse Sem Fio Trend da categoria Eletrônicos. Produto de alta qualidade para o dia a dia.,https://via.placeholder.com/300x300?text=Item92,4
93,Webcam HD Top,Eletrônicos,570.05,Webcam HD Top da categoria Eletrônicos. Produto de alta qualidade para o dia a dia.,https://via.placeholder.com/300x300?text=Item93,4
94,Meia Esportiva Pro,Roupas,775.55,Meia Esportiva Pro da categoria Roupas. Produto de alta qualidade para o dia a dia.,https://via.placeholder.com/300x300?text=Item94,7
95,Corda de Pular Lumina,Esportes,503.92,Corda de Pular Lumina da categoria Esportes. Produto de alta qualidade para o dia a dia.,https://via.placeholder.com/300x300?text=Item95,5
96,Quebra-Cabeça 500 Peças Top,Brinquedos,532.28,Quebra-Cabeça 500 Peças Top da categoria Brinquedos. Produto de alta qualidade para o dia a dia.,https://via.placeholder.com/300x300?text=Item96,2
97,Blocos de Montar Veículos Cool,Brinquedos,438.99,Blocos de Montar Veículos Cool da categoria Brinquedos. Produto de alta qualidade para o dia a dia.,https://via.placeholder.com/300x300?text=Item97,2
98,Bola de Futebol Nexus,Esportes,44.91,Bola de Futebol Nexus da categoria Esportes. Produto de alta qualidade para o dia a dia.,https://via.placeholder.com/300x300?text=Item98,5
99,Perfume Cítrico Fit,Beleza e Cuidados,125.73,Perfume Cítrico Fit da categoria Beleza e Cuidados. Produto de alta qualidade para o dia a dia.,https://via.placeholder.com/300x300?text=Item99,1
100,Fone de Ouvido Sem Fio Classic,Eletrônicos,50.8,Fone de Ouvido Sem Fio Classic da categoria Eletrônicos. Produto de alta qualidade para o dia a dia.,https://via.placeholder.com/300x300?text=Item100,4
101,Fone de Ouvido Sem Fio VerdeVida,Eletrônicos,643.68,Fone de Ouvido Sem Fio VerdeVida da categoria Eletrônicos. Produto de alta qualidade para o dia a dia.,https://via.placeholder.com/300x300?text=Item101,4
102,Tapete Geométrico Cool,Casa e Decoração,328.07,Tapete Geométrico Cool da categoria Casa e Decoração. Produto de alta qualidade para o dia a dia.,https://via.placeholder.com/300x300?text=Item102,3
103,Café Especial Pro,Alimentos e Bebidas,518.4,Café Especial Pro da categoria Alimentos e Bebidas. Produto de alta qualidade para o dia a dia.,https://via.placeholder.com/300x300?text=Item103,0
104,Porta-Retrato Metal Cool,Casa e Decoração,909.42,Porta-Retrato Metal Cool da categoria Casa e Decoração. Produto de alta qualidade para o dia a dia.,https://via.placeholder.com/300x300?text=Item104,3
105,Azeite Extra Virgem VerdeVida,Alimentos e Bebidas,264.31,Azeite Extra Virgem VerdeVida da categoria Alimentos e Bebidas. Produto de alta qualidade para o dia a dia.,https://via.placeholder.com/300x300?text=Item105,0
106,Hidratante Facial Nexus,Beleza e Cuidados,422.18,Hidratante Facial Nexus da categoria Beleza e Cuidados. Produto de alta qualidade para o dia a dia.,https://via.placeholder.com/300x300?text=Item106,1
107,Meia Esportiva Cool,Roupas,760.44,Meia Esportiva Cool da categoria Roupas. Produto de alta qualidade para o dia a dia.,https://via.placeholder.com/300x300?text=Item107,7
108,Mouse Sem Fio Cool,Eletrônicos,244.22,Mouse Sem Fio Cool da categoria Eletrônicos. Produto de alta qualidade para o dia a dia.,https://via.placeholder.com/300x300?text=Item108,4
109,Fone de Ouvido Sem Fio VerdeVida,Eletrônicos,95.44,Fone de Ouvido Sem Fio VerdeVida da categoria Eletrônicos. Produto de alta qualidade para o dia a dia.,https://via.placeholder.com/300x300?text=Item109,4
110,Café Especial Cool,Alimentos e Bebidas,303.96,Café Especial Cool da categoria Alimentos e Bebidas. Produto de alta qualidade para o dia a dia.,https://via.placeholder.com/300x300?text=Item110,0
111,Porta-Retrato Metal Top,Casa e Decoração,178.0,Porta-Retrato Metal Top da categoria Casa e Decoração. Produto de alta qualidade para o dia a dia.,https://via.placeholder.com/300x300?text=Item111,3
112,Hidratante Facial Classic,Beleza e Cuidados,931.1,Hidratante Facial Classic da categoria Beleza e Cuidados. Produto de alta qualidade para o dia a dia.,https://via.placeholder.com/300x300?text=Item112,1
113,Condicionador Hidratante Pro,Beleza e Cuidados,811.96,Condicionador Hidratante Pro da categoria Beleza e Cuidados. Produto de alta qualidade para o dia a dia.,https://via.placeholder.com/300x300?text=Item113,1
114,Haltere 5kg Smart,Esportes,640.74,Haltere 5kg Smart da categoria Esportes. Produto de alta qualidade para o dia a dia.,https://via.placeholder.com/300x300?text=Item114,5
115,Shorts Jeans Prime,Roupas,874.03,Shorts Jeans Prime da categoria Roupas. Produto de alta qualidade para o dia a dia.,https://via.placeholder.com/300x300?text=Item115,7
116,Escova de Cabelo Ventoinha Classic,Beleza e Cuidados,807.6,Escova de Cabelo Ventoinha Classic da categoria Beleza e Cuidados. Produto de alta qualidade para o dia a dia.,https://via.placeholder.com/300x300?text=Item116,1
117,Corda de Pular Smart,Esportes,202.84,Corda de Pular Smart da categoria Esportes. Produto de alta qualidade para o dia a dia.,https://via.placeholder.com/300x300?text=Item117,5
118,Fone de Ouvido Sem Fio Prime,Eletrônicos,894.71,Fone de Ouvido Sem Fio Prime da categoria Eletrônicos. Produto de alta qualidade para o dia a dia.,https://via.placeholder.com/300x300?text=Item118,4
119,Shorts Jeans Lumina,Roupas,548.56,Shorts Jeans Lumina da categoria Roupas. Produto de alta qualidade para o dia a dia.,https://via.placeholder.com/300x300?text=Item119,7
120,Azeite Extra Virgem Prime,Alimentos e Bebidas,811.29,Azeite Extra Virgem Prime da categoria Alimentos e Bebidas. Produto de alta qualidade para o dia a dia.,https://via.placeholder.com/300x300?text=Item120,0
121,Shorts Jeans Fit,Roupas,898.17,Shorts Jeans Fit da categoria Roupas. Produto de alta qualidade para o dia a dia.,https://via.placeholder.com/300x300?text=Item121,7
122,Shorts Jeans Top,Roupas,331.64,Shorts Jeans Top da categoria Roupas. Produto de alta qualidade para o dia a dia.,https://via.placeholder.com/300x300?text=Item122,7
123,Relógio de Parede Minimalista Fit,Casa e Decoração,127.85,Relógio de Parede Minimalista Fit da categoria Casa e Decoração. Produto de alta qualidade para o dia a dia.,https://via.placeholder.com/300x300?text=Item123,3
124,Corda de Pular Prime,Esportes,243.38,Corda de Pular Prime da categoria Esportes. Produto de alta qualidade para o dia a dia.,https://via.placeholder.com/300x300?text=Item124,5
125,Quadro Fotografia Prime,Casa e Decoração,438.57,Quadro Fotografia Prime da categoria Casa e Decoração. Produto de alta qualidade para o dia a dia.,https://via.placeholder.com/300x300?text=Item125,3
126,Raquete Tênis Prime,Esportes,821.65,Raquete Tênis Prime da categoria Esportes. Produto de alta qualidade para o dia a dia.,https://via.placeholder.com/300x300?text=Item126,5
127,Boneco Articulado Nexus,Brinquedos,863.52,Boneco Articulado Nexus da categoria Brinquedos. Produto de alta qualidade para o dia a dia.,https://via.placeholder.com/300x300?text=Item127,2
128,Porta-Retrato Metal Prime,Casa e Decoração,26.81,Porta-Retrato Metal Prime da categoria Casa e Decoração. Produto de alta qualidade para o dia a dia.,https://via.placeholder.com/300x300?text=Item128,3
129,Carregador Portátil Smart,Eletrônicos,520.53,Carregador Portátil Smart da categoria Eletrônicos. Produto de alta qualidade para o dia a dia.,https://via.placeholder.com/300x300?text=Item129,4
130,Caderno Inteligente Top,Livros e Papelaria,429.06,Caderno Inteligente Top da categoria Livros e Papelaria. Produto de alta qualidade para o dia a dia.,https://via.placeholder.com/300x300?text=Item130,6
131,Caneta Esferográfica Cool,Livros e Papelaria,237.67,Caneta Esferográfica Cool da categoria Livros e Papelaria. Produto de alta qualidade para o dia a dia.,https://via.placeholder.com/300x300?text=Item131,6
132,Quadro Fotografia Smart,Casa e Decoração,137.47,Quadro Fotografia Smart da categoria Casa e Decoração. Produto de alta qualidade para o dia a dia.,https://via.placeholder.com/300x300?text=Item132,3
133,Abajur Led Fit,Casa e Decoração,350.86,Abajur Led Fit da categoria Casa e Decoração. Produto de alta qualidade para o dia a dia.,https://via.placeholder.com/300x300?text=Item133,3
134,Condicionador Hidratante Cool,Beleza e Cuidados,944.05,Condicionador Hidratante Cool da categoria Beleza e Cuidados. Produto de alta qualidade para o dia a dia.,https://via.placeholder.com/300x300?text=Item134,1
135,Jogo de Tabuleiro Trend,Brinquedos,336.74,Jogo de Tabuleiro Trend da categoria Brinquedos. Produto de alta qualidade para o dia a dia.,https://via.placeholder.com/300x300?text=Item135,2
136,Kite Mini Pro,Brinquedos,528.41,Kite Mini Pro da categoria Brinquedos. Produto de alta qualidade para o dia a dia.,https://via.placeholder.com/300x300?text=Item136,2
137,Escova de Cabelo Ventoinha Lumina,Beleza e Cuidados,708.96,Escova de Cabelo Ventoinha Lumina da categoria Beleza e Cuidados. Produto de alta qualidade para o dia a dia.,https://via.placeholder.com/300x300?text=Item137,1
138,Condicionador Hidratante Pro,Beleza e Cuidados,376.36,Condicionador Hidratante Pro da categoria Beleza e Cuidados. Produto de alta qualidade para o dia a dia.,https://via.placeholder.com/300x300?text=Item138,1
139,Haltere 5kg Fit,Esportes,972.35,Haltere 5kg Fit da categoria Esportes. Produto de alta qualidade para o dia a dia.,https://via.placeholder.com/300x300?text=Item139,5
140,Corda de Pular VerdeVida,Esportes,963.2,Corda de Pular VerdeVida da categoria Esportes. Produto de alta qualidade para o dia a dia.,https://via.placeholder.com/300x300?text=Item140,5
141,Carregador Portátil Lumina,Eletrônicos,266.75,Carregador Portátil Lumina da categoria Eletrônicos. Produto de alta qualidade para o dia a dia.,https://via.placeholder.com/300x300?text=Item141,4
142,Porta-Retrato Metal Smart,Casa e Decoração,507.3,Porta-Retrato Metal Smart da categoria Casa e Decoração. Produto de alta qualidade para o dia a dia.,https://via.placeholder.com/300x300?text=Item142,3
143,Raquete Tênis VerdeVida,Esportes,314.86,Raquete Tênis VerdeVida da categoria Esportes. Produto de alta qualidade para o dia a dia.,https://via.placeholder.com/300x300?text=Item143,5
144,Porta-Retrato Metal Trend,Casa e Decoração,299.14,Porta-Retrato Metal Trend da categoria Casa e Decoração. Produto de alta qualidade para o dia a dia.,https://via.placeholder.com/300x300?text=Item144,3
145,Teclado Mecânico Lumina,Eletrônicos,56.15,Teclado Mecânico Lumina da categoria Eletrônicos. Produto de alta qualidade para o dia a dia.,https://via.placeholder.com/300x300?text=Item145,4
146,Kite Mini Cool,Brinquedos,617.37,Kite Mini Cool da categoria Brinquedos. Produto de alta qualidade para o dia a dia.,https://via.placeholder.com/300x300?text=Item146,2
147,Perfume Cítrico Fit,Beleza e Cuidados,512.63,Perfume Cítrico Fit da categoria Beleza e Cuidados. Produto de alta qualidade para o dia a dia.,https://via.placeholder.com/300x300?text=Item147,1
148,Haltere 5kg VerdeVida,Esportes,70.45,Haltere 5kg VerdeVida da categoria Esportes. Produto de alta qualidade para o dia a dia.,https://via.placeholder.com/300x300?text=Item148,5
149,Cerveja Stout Trend,Alimentos e Bebidas,293.07,Cerveja Stout Trend da categoria Alimentos e Bebidas. Produto de alta qualidade para o dia a dia.,https://via.placeholder.com/300x300?text=Item149,0
150,Bola de Futebol Lumina,Esportes,910.1,Bola de Futebol Lumina da categoria Esportes. Produto de alta qualidade para o dia a dia.,https://via.placeholder.com/300x300?text=Item150,5
151,Perfume Cítrico VerdeVida,Beleza e Cuidados,254.77,Perfume Cítrico VerdeVida da categoria Beleza e Cuidados. Produto de alta qualidade para o dia a dia.,https://via.placeholder.com/300x300?text=Item151,1
152,Shorts Jeans Cool,Roupas,162.0,Shorts Jeans Cool da categoria Roupas. Produto de alta qualidade para o dia a dia.,https://via.placeholder.com/300x300?text=Item152,7
153,Abajur Led Lumina,Casa e Decoração,499.66,Abajur Led Lumina da categoria Casa e Decoração. Produto de alta qualidade para o dia a dia.,https://via.placeholder.com/300x300?text=Item153,3
154,Boneco Articulado Classic,Brinquedos,985.94,Boneco Articulado Classic da categoria Brinquedos. Produto de alta qualidade para o dia a dia.,https://via.placeholder.com/300x300?text=Item154,2
155,Caderno Inteligente VerdeVida,Livros e Papelaria,257.21,Caderno Inteligente VerdeVida da categoria Livros e Papelaria. Produto de alta qualidade para o dia a dia.,https://via.placeholder.com/300x300?text=Item155,6
156,Caderno Inteligente Nexus,Livros e Papelaria,678.69,Caderno Inteligente Nexus da categoria Livros e Papelaria. Produto de alta qualidade para o dia a dia.,https://via.placeholder.com/300x300?text=Item156,6
157,Teclado Mecânico VerdeVida,Eletrônicos,766.39,Teclado Mecânico VerdeVida da categoria Eletrônicos. Produto de alta qualidade para o dia a dia.,https://via.placeholder.com/300x300?text=Item157,4
158,Kite Mini Top,Brinquedos,252.88,Kite Mini Top da categoria Brinquedos. Produto de alta qualidade para o dia a dia.,https://via.placeholder.com/300x300?text=Item158,2
159,Escova de Cabelo Ventoinha Top,Beleza e Cuidados,733.65,Escova de Cabelo Ventoinha Top da categoria Beleza e Cuidados. Produto de alta qualidade para o dia a dia.,https://via.placeholder.com/300x300?text=Item159,1
160,Barra de Cereal Chocolate Smart,Alimentos e Bebidas,380.43,Barra de Cereal Chocolate Smart da categoria Alimentos e Bebidas. Produto de alta qualidade para o dia a dia.,https://via.placeholder.com/300x300?text=Item160,0
161,Abajur Led Lumina,Casa e Decoração,639.66,Abajur Led Lumina da categoria Casa e Decoração. Produto de alta qualidade para o dia a dia.,https://via.placeholder.com/300x300?text=Item161,3
162,Carregador Portátil Trend,Eletrônicos,640.86,Carregador Portátil Trend da categoria Eletrônicos. Produto de alta qualidade para o dia a dia.,https://via.placeholder.com/300x300?text=Item162,4
163,Abajur Led Classic,Casa e Decoração,545.06,Abajur Led Classic da categoria Casa e Decoração. Produto de alta qualidade para o dia a dia.,https://via.placeholder.com/300x300?text=Item163,3
164,Bola de Futebol Prime,Esportes,108.48,Bola de Futebol Prime da categoria Esportes. Produto de alta qualidade para o dia a dia.,https://via.placeholder.com/300x300?text=Item164,5
165,Camiseta Polo Trend,Roupas,838.6,Camiseta Polo Trend da categoria Roupas. Produto de alta qualidade para o dia a dia.,https://via.placeholder.com/300x300?text=Item165,7
166,Quadro Fotografia VerdeVida,Casa e Decoração,334.36,Quadro Fotografia VerdeVida da categoria Casa e Decoração. Produto de alta qualidade para o dia a dia.,https://via.placeholder.com/300x300?text=Item166,3
167,Puzzle Arte VerdeVida,Livros e Papelaria,202.79,Puzzle Arte VerdeVida da categoria Livros e Papelaria. Produto de alta qualidade para o dia a dia.,https://via.placeholder.com/300x300?text=Item167,6
168,Relógio de Parede Minimalista Classic,Casa e Decoração,59.96,Relógio de Parede Minimalista Classic da categoria Casa e Decoração. Produto de alta qualidade para o dia a dia.,https://via.placeholder.com/300x300?text=Item168,3
169,Azeite Extra Virgem Nexus,Alimentos e Bebidas,599.08,Azeite Extra Virgem Nexus da categoria Alimentos e Bebidas. Produto de alta qualidade para o dia a dia.,https://via.placeholder.com/300x300?text=Item169,0
170,Boneco Articulado Lumina,Brinquedos,684.01,Boneco Articulado Lumina da categoria Brinquedos. Produto de alta qualidade para o dia a dia.,https://via.placeholder.com/300x300?text=Item170,2
171,Corda de Pular Classic,Esportes,36.26,Corda de Pular Classic da categoria Esportes. Produto de alta qualidade para o dia a dia.,https://via.placeholder.com/300x300?text=Item171,5
172,Azeite Extra Virgem Classic,Alimentos e Bebidas,521.85,Azeite Extra Virgem Classic da categoria Alimentos e Bebidas. Produto de alta qualidade para o dia a dia.,https://via.placeholder.com/300x300?text=Item172,0
173,Escova de Cabelo Ventoinha Nexus,Beleza e Cuidados,241.97,Escova de Cabelo Ventoinha Nexus da categoria Beleza e Cuidados. Produto de alta qualidade para o dia a dia.,https://via.placeholder.com/300x300?text=Item173,1
174,Hidratante Facial Classic,Beleza e Cuidados,652.27,Hidratante Facial Classic da categoria Beleza e Cuidados. Produto de alta qualidade para o dia a dia.,https://via.placeholder.com/300x300?text=Item174,1
175,Porta-Retrato Metal Classic,Casa e Decoração,190.88,Porta-Retrato Metal Classic da categoria Casa e Decoração. Produto de alta qualidade para o dia a dia.,https://via.placeholder.com/300x300?text=Item175,3
176,Teclado Mecânico Top,Eletrônicos,697.12,Teclado Mecânico Top da categoria Eletrônicos. Produto de alta qualidade para o dia a dia.,https://via.placeholder.com/300x300?text=Item176,4
177,Escova de Cabelo Raquete Fit,Beleza e Cuidados,399.0,Escova de Cabelo Raquete Fit da categoria Beleza e Cuidados. Produto de alta qualidade para o dia a dia.,https://via.placeholder.com/300x300?text=Item177,1
178,Mouse Sem Fio Prime,Eletrônicos,938.0,Mouse Sem Fio Prime da categoria Eletrônicos. Produto de alta qualidade para o dia a dia.,https://via.placeholder.com/300x300?text=Item178,4
179,Abajur Led Prime,Casa e Decoração,154.77,Abajur Led Prime da categoria Casa e Decoração. Produto de alta qualidade para o dia a dia.,https://via.placeholder.com/300x300?text=Item179,3
180,Relógio de Parede Minimalista Trend,Casa e Decoração,354.25,Relógio de Parede Minimalista Trend da categoria Casa e Decoração. Produto de alta qualidade para o dia a dia.,https://via.placeholder.com/300x300?text=Item180,3
181,Haltere 5kg VerdeVida,Esportes,131.2,Haltere 5kg VerdeVida da categoria Esportes. Produto de alta qualidade para o dia a dia.,https://via.placeholder.com/300x300?text=Item181,5
182,Livro de Ficção Smart,Livros e Papelaria,926.2,Livro de Ficção Smart da categoria Livros e Papelaria. Produto de alta qualidade para o dia a dia.,https://via.placeholder.com/300x300?text=Item182,6
183,Abajur Led Trend,Casa e Decoração,879.79,Abajur Led Trend da categoria Casa e Decoração. Produto de alta qualidade para o dia a dia.,https://via.placeholder.com/300x300?text=Item183,3
184,Meia Esportiva Trend,Roupas,272.78,Meia Esportiva Trend da categoria Roupas. Produto de alta qualidade para o dia a dia.,https://via.placeholder.com/300x300?text=Item184,7
185,Puzzle Arte Fit,Livros e Papelaria,666.78,Puzzle Arte Fit da categoria Livros e Papelaria. Produto de alta qualidade para o dia a dia.,https://via.placeholder.com/300x300?text=Item185,6
186,Perfume Cítrico Trend,Beleza e Cuidados,820.88,Perfume Cítrico Trend da categoria Beleza e Cuidados. Produto de alta qualidade para o dia a dia.,https://via.placeholder.com/300x300?text=Item186,1
187,Abajur Led Top,Casa e Decoração,564.1,Abajur Led Top da categoria Casa e Decoração. Produto de alta qualidade para o dia a dia.,https://via.placeholder.com/300x300?text=Item187,3
188,Perfume Cítrico Classic,Beleza e Cuidados,539.06,Perfume Cítrico Classic da categoria Beleza e Cuidados. Produto de alta qualidade para o dia a dia.,https://via.placeholder.com/300x300?text=Item188,1
189,Jaqueta Corta-Vento Fit,Roupas,257.02,Jaqueta Corta-Vento Fit da categoria Roupas. Produto de alta qualidade para o dia a dia.,https://via.placeholder.com/300x300?text=Item189,7
190,Bola de Futebol Classic,Esportes,111.24,Bola de Futebol Classic da categoria Esportes. Produto de alta qualidade para o dia a dia.,https://via.placeholder.com/300x300?text=Item190,5
191,Chá Verde VerdeVida,Alimentos e Bebidas,899.27,Chá Verde VerdeVida da categoria Alimentos e Bebidas. Produto de alta qualidade para o dia a dia.,https://via.placeholder.com/300x300?text=Item191,0
192,Jaqueta Corta-Vento Lumina,Roupas,902.41,Jaqueta Corta-Vento Lumina da categoria Roupas. Produto de alta qualidade para o dia a dia.,https://via.placeholder.com/300x300?text=Item192,7
193,Camiseta Polo Nexus,Roupas,640.44,Camiseta Polo Nexus da categoria Roupas. Produto de alta qualidade para o dia a dia.,https://via.placeholder.com/300x300?text=Item193,7
194,Bola de Futebol Classic,Esportes,352.25,Bola de Futebol Classic da categoria Esportes. Produto de alta qualidade para o dia a dia.,https://via.placeholder.com/300x300?text=Item194,5
195,Barra de Cereal Chocolate Cool,Alimentos e Bebidas,362.23,Barra de Cereal Chocolate Cool da categoria Alimentos e Bebidas. Produto de alta qualidade para o dia a dia.,https://via.placeholder.com/300x300?text=Item195,0
196,Haltere 5kg Top,Esportes,731.44,Haltere 5kg Top da categoria Esportes. Produto de alta qualidade para o dia a dia.,https://via.placeholder.com/300x300?text=Item196,5
197,Caneta Esferográfica Fit,Livros e Papelaria,899.17,Caneta Esferográfica Fit da categoria Livros e Papelaria. Produto de alta qualidade para o dia a dia.,https://via.placeholder.com/300x300?text=Item197,6
198,Haltere 5kg Trend,Esportes,889.34,Haltere 5kg Trend da categoria Esportes. Produto de alta qualidade para o dia a dia.,https://via.placeholder.com/300x300?text=Item198,5
199,Condicionador Hidratante Classic,Beleza e Cuidados,784.28,Condicionador Hidratante Classic da categoria Beleza e Cuidados. Produto de alta qualidade para o dia a dia.,https://via.placeholder.com/300x300?text=Item199,1
200,Meia Esportiva Smart,Roupas,649.19,Meia Esportiva Smart da categoria Roupas. Produto de alta qualidade para o dia a dia.,https://via.placeholder.com/300x300?text=Item200,7
201,Blocos de Montar Veículos Nexus,Brinquedos,102.46,Blocos de Montar Veículos Nexus da categoria Brinquedos. Produto de alta qualidade para o dia a dia.,https://via.placeholder.com/300x300?text=Item201,2
202,Fone de Ouvido Sem Fio Smart,Eletrônicos,178.4,Fone de Ouvido Sem Fio Smart da categoria Eletrônicos. Produto de alta qualidade para o dia a dia.,https://via.placeholder.com/300x300?text=Item202,4
203,Quadro Fotografia Smart,Casa e Decoração,900.58,Quadro Fotografia Smart da categoria Casa e Decoração. Produto de alta qualidade para o dia a dia.,https://via.placeholder.com/300x300?text=Item203,3
204,Cerveja Stout Prime,Alimentos e Bebidas,614.3,Cerveja Stout Prime da categoria Alimentos e Bebidas. Produto de alta qualidade para o dia a dia.,https://via.placeholder.com/300x300?text=Item204,0
205,Puzzle Arte Lumina,Livros e Papelaria,29.01,Puzzle Arte Lumina da categoria Livros e Papelaria. Produto de alta qualidade para o dia a dia.,https://via.placeholder.com/300x300?text=Item205,6
206,Abajur Led Cool,Casa e Decoração,119.44,Abajur Led Cool da categoria Casa e Decoração. Produto de alta qualidade para o dia a dia.,https://via.placeholder.com/300x300?text=Item206,3
207,Blocos de Montar Veículos Lumina,Brinquedos,670.23,Blocos de Montar Veículos Lumina da categoria Brinquedos. Produto de alta qualidade para o dia a dia.,https://via.placeholder.com/300x300?text=Item207,2
208,Mouse Sem Fio Cool,Eletrônicos,24.96,Mouse Sem Fio Cool da categoria Eletrônicos. Produto de alta qualidade para o dia a dia.,https://via.placeholder.com/300x300?text=Item208,4
209,Webcam HD Smart,Eletrônicos,177.59,Webcam HD Smart da categoria Eletrônicos. Produto de alta qualidade para o dia a dia.,https://via.placeholder.com/300x300?text=Item209,4
210,Hidratante Facial Nexus,Beleza e Cuidados,557.76,Hidratante Facial Nexus da categoria Beleza e Cuidados. Produto de alta qualidade para o dia a dia.,https://via.placeholder.com/300x300?text=Item210,1
211,Luva de Goleiro Top,Esportes,698.06,Luva de Goleiro Top da categoria Esportes. Produto de alta qualidade para o dia a dia.,https://via.placeholder.com/300x300?text=Item211,5
212,Webcam HD Nexus,Eletrônicos,658.92,Webcam HD Nexus da categoria Eletrônicos. Produto de alta qualidade para o dia a dia.,https://via.placeholder.com/300x300?text=Item212,4
213,Relógio de Parede Minimalista Cool,Casa e Decoração,239.78,Relógio de Parede Minimalista Cool da categoria Casa e Decoração. Produto de alta qualidade para o dia a dia.,https://via.placeholder.com/300x300?text=Item213,3
214,Webcam HD Smart,Eletrônicos,717.94,Webcam HD Smart da categoria Eletrônicos. Produto de alta qualidade para o dia a dia.,https://via.placeholder.com/300x300?text=Item214,4
215,Jogo de Tabuleiro Trend,Brinquedos,252.5,Jogo de Tabuleiro Trend da categoria Brinquedos. Produto de alta qualidade para o dia a dia.,https://via.placeholder.com/300x300?text=Item215,2
216,Kite Mini VerdeVida,Brinquedos,338.89,Kite Mini VerdeVida da categoria Brinquedos. Produto de alta qualidade para o dia a dia.,https://via.placeholder.com/300x300?text=Item216,2
217,Kite Mini Trend,Brinquedos,751.56,Kite Mini Trend da categoria Brinquedos. Produto de alta qualidade para o dia a dia.,https://via.placeholder.com/300x300?text=Item217,2
218,Puzzle Arte Trend,Livros e Papelaria,656.64,Puzzle Arte Trend da categoria Livros e Papelaria. Produto de alta qualidade para o dia a dia.,https://via.placeholder.com/300x300?text=Item218,6
219,Boneco Articulado Prime,Brinquedos,852.24,Boneco Articulado Prime da categoria Brinquedos. Produto de alta qualidade para o dia a dia.,https://via.placeholder.com/300x300?text=Item219,2
220,Bola de Futebol VerdeVida,Esportes,664.46,Bola de Futebol VerdeVida da categoria Esportes. Produto de alta qualidade para o dia a dia.,https://via.placeholder.com/300x300?text=Item220,5
221,Hidratante Facial VerdeVida,Beleza e Cuidados,576.94,Hidratante Facial VerdeVida da categoria Beleza e Cuidados. Produto de alta qualidade para o dia a dia.,https://via.placeholder.com/300x300?text=Item221,1
222,Livro de Ficção Trend,Livros e Papelaria,111.8,Livro de Ficção Trend da categoria Livros e Papelaria. Produto de alta qualidade para o dia a dia.,https://via.placeholder.com/300x300?text=Item222,6
223,Escova de Cabelo Raquete Top,Beleza e Cuidados,380.36,Escova de Cabelo Raquete Top da categoria Beleza e Cuidados. Produto de alta qualidade para o dia a dia.,https://via.placeholder.com/300x300?text=Item223,1
224,Teclado Mecânico Classic,Eletrônicos,279.9,Teclado Mecânico Classic da categoria Eletrônicos. Produto de alta qualidade para o dia a dia.,https://via.placeholder.com/300x300?text=Item224,4
225,Abajur Led Lumina,Casa e Decoração,259.11,Abajur Led Lumina da categoria Casa e Decoração. Produto de alta qualidade para o dia a dia.,https://via.placeholder.com/300x300?text=Item225,3
226,Haltere 5kg Smart,Esportes,973.55,Haltere 5kg Smart da categoria Esportes. Produto de alta qualidade para o dia a dia.,https://via.placeholder.com/300x300?text=Item226,5
227,Caneta Esferográfica Prime,Livros e Papelaria,405.24,Caneta Esferográfica Prime da categoria Livros e Papelaria. Produto de alta qualidade para o dia a dia.,https://via.placeholder.com/300x300?text=Item227,6
228,Caderno Inteligente Fit,Livros e Papelaria,894.21,Caderno Inteligente Fit da categoria Livros e Papelaria. Produto de alta qualidade para o dia a dia.,https://via.placeholder.com/300x300?text=Item228,6
229,Escova de Cabelo Raquete Cool,Beleza e Cuidados,638.52,Escova de Cabelo Raquete Cool da categoria Beleza e Cuidados. Produto de alta qualidade para o dia a dia.,https://via.placeholder.com/300x300?text=Item229,1
230,Hidratante Facial Smart,Beleza e Cuidados,798.92,Hidratante Facial Smart da categoria Beleza e Cuidados. Produto de alta qualidade para o dia a dia.,https://via.placeholder.com/300x300?text=Item230,1
231,Relógio de Parede Minimalista Top,Casa e Decoração,512.58,Relógio de Parede Minimalista Top da categoria Casa e Decoração. Produto de alta qualidade para o dia a dia.,https://via.placeholder.com/300x300?text=Item231,3
232,Luva de Goleiro VerdeVida,Esportes,585.37,Luva de Goleiro VerdeVida da categoria Esportes. Produto de alta qualidade para o dia a dia.,https://via.placeholder.com/300x300?text=Item232,5
233,Abajur Led Nexus,Casa e Decoração,502.67,Abajur Led Nexus da categoria Casa e Decoração. Produto de alta qualidade para o dia a dia.,https://via.placeholder.com/300x300?text=Item233,3
234,Livro de Ficção Smart,Livros e Papelaria,211.34,Livro de Ficção Smart da categoria Livros e Papelaria. Produto de alta qualidade para o dia a dia.,https://via.placeholder.com/300x300?text=Item234,6
235,Teclado Mecânico Top,Eletrônicos,728.0,Teclado Mecânico Top da categoria Eletrônicos. Produto de alta qualidade para o dia a dia.,https://via.placeholder.com/300x300?text=Item235,4
236,Bola de Futebol Cool,Esportes,295.16,Bola de Futebol Cool da categoria Esportes. Produto de alta qualidade para o dia a dia.,https://via.placeholder.com/300x300?text=Item236,5
237,Boneco Articulado VerdeVida,Brinquedos,43.83,Boneco Articulado VerdeVida da categoria Brinquedos. Produto de alta qualidade para o dia a dia.,https://via.placeholder.com/300x300?text=Item237,2
238,Boneco Articulado VerdeVida,Brinquedos,652.56,Boneco Articulado VerdeVida da categoria Brinquedos. Produto de alta qualidade para o dia a dia.,https://via.placeholder.com/300x300?text=Item238,2
239,Quebra-Cabeça 500 Peças Classic,Brinquedos,193.57,Quebra-Cabeça 500 Peças Classic da categoria Brinquedos. Produto de alta qualidade para o dia a dia.,https://via.placeholder.com/300x300?text=Item239,2
240,Escova de Cabelo Raquete Cool,Beleza e Cuidados,941.65,Escova de Cabelo Raquete Cool da categoria Beleza e Cuidados. Produto de alta qualidade para o dia a dia.,https://via.placeholder.com/300x300?text=Item240,1
241,Relógio de Parede Minimalista Top,Casa e Decoração,954.85,Relógio de Parede Minimalista Top da categoria Casa e Decoração. Produto de alta qualidade para o dia a dia.,https://via.placeholder.com/300x300?text=Item241,3
242,Kite Mini VerdeVida,Brinquedos,916.57,Kite Mini VerdeVida da categoria Brinquedos. Produto de alta qualidade para o dia a dia.,https://via.placeholder.com/300x300?text=Item242,2
243,Cerveja Stout Top,Alimentos e Bebidas,382.76,Cerveja Stout Top da categoria Alimentos e Bebidas. Produto de alta qualidade para o dia a dia.,https://via.placeholder.com/300x300?text=Item243,0
244,Caneta Esferográfica Lumina,Livros e Papelaria,35.15,Caneta Esferográfica Lumina da categoria Livros e Papelaria. Produto de alta qualidade para o dia a dia.,https://via.placeholder.com/300x300?text=Item244,6
245,Condicionador Hidratante Top,Beleza e Cuidados,929.75,Condicionador Hidratante Top da categoria Beleza e Cuidados. Produto de alta qualidade para o dia a dia.,https://via.placeholder.com/300x300?text=Item245,1
246,Escova de Cabelo Ventoinha Fit,Beleza e Cuidados,439.62,Escova de Cabelo Ventoinha Fit da categoria Beleza e Cuidados. Produto de alta qualidade para o dia a dia.,https://via.placeholder.com/300x300?text=Item246,1
247,Café Especial Smart,Alimentos e Bebidas,967.32,Café Especial Smart da categoria Alimentos e Bebidas. Produto de alta qualidade para o dia a dia.,https://via.placeholder.com/300x300?text=Item247,0
248,Café Especial Smart,Alimentos e Bebidas,964.35,Café Especial Smart da categoria Alimentos e Bebidas. Produto de alta qualidade para o dia a dia.,https://via.placeholder.com/300x300?text=Item248,0
249,Meia Esportiva Cool,Roupas,855.95,Meia Esportiva Cool da categoria Roupas. Produto de alta qualidade para o dia a dia.,https://via.placeholder.com/300x300?text=Item249,7
250,Azeite Extra Virgem Pro,Alimentos e Bebidas,308.56,Azeite Extra Virgem Pro da categoria Alimentos e Bebidas. Produto de alta qualidade para o dia a dia.,https://via.placeholder.com/300x300?text=Item250,0
251,Meia Esportiva Cool,Roupas,397.4,Meia Esportiva Cool da categoria Roupas. Produto de alta qualidade para o dia a dia.,https://via.placeholder.com/300x300?text=Item251,7
252,Livro de Ficção Classic,Livros e Papelaria,854.11,Livro de Ficção Classic da categoria Livros e Papelaria. Produto de alta qualidade para o dia a dia.,https://via.placeholder.com/300x300?text=Item252,6
253,Blocos de Montar Veículos Smart,Brinquedos,330.58,Blocos de Montar Veículos Smart da categoria Brinquedos. Produto de alta qualidade para o dia a dia.,https://via.placeholder.com/300x300?text=Item253,2
254,Perfume Cítrico Pro,Beleza e Cuidados,186.1,Perfume Cítrico Pro da categoria Beleza e Cuidados. Produto de alta qualidade para o dia a dia.,https://via.placeholder.com/300x300?text=Item254,1
255,Carregador Portátil Classic,Eletrônicos,565.67,Carregador Portátil Classic da categoria Eletrônicos. Produto de alta qualidade para o dia a dia.,https://via.placeholder.com/300x300?text=Item255,4
256,Webcam HD Nexus,Eletrônicos,937.43,Webcam HD Nexus da categoria Eletrônicos. Produto de alta qualidade para o dia a dia.,https://via.placeholder.com/300x300?text=Item256,4
257,Boné Aba Reta Prime,Roupas,702.11,Boné Aba Reta Prime da categoria Roupas. Produto de alta qualidade para o dia a dia.,https://via.placeholder.com/300x300?text=Item257,7
258,Condicionador Hidratante Top,Beleza e Cuidados,578.66,Condicionador Hidratante Top da categoria Beleza e Cuidados. Produto de alta qualidade para o dia a dia.,https://via.placeholder.com/300x300?text=Item258,1
259,Webcam HD Trend,Eletrônicos,115.23,Webcam HD Trend da categoria Eletrônicos. Produto de alta qualidade para o dia a dia.,https://via.placeholder.com/300x300?text=Item259,4
260,Tapete Geométrico Trend,Casa e Decoração,622.71,Tapete Geométrico Trend da categoria Casa e Decoração. Produto de alta qualidade para o dia a dia.,https://via.placeholder.com/300x300?text=Item260,3
261,Livro de Ficção Cool,Livros e Papelaria,990.25,Livro de Ficção Cool da categoria Livros e Papelaria. Produto de alta qualidade para o dia a dia.,https://via.placeholder.com/300x300?text=Item261,6
262,Haltere 5kg Lumina,Esportes,157.28,Haltere 5kg Lumina da categoria Esportes. Produto de alta qualidade para o dia a dia.,https://via.placeholder.com/300x300?text=Item262,5
263,Meia Esportiva Pro,Roupas,527.96,Meia Esportiva Pro da categoria Roupas. Produto de alta qualidade para o dia a dia.,https://via.placeholder.com/300x300?text=Item263,7
264,Quadro Fotografia Cool,Casa e Decoração,879.83,Quadro Fotografia Cool da categoria Casa e Decoração. Produto de alta qualidade para o dia a dia.,https://via.placeholder.com/300x300?text=Item264,3
265,Mouse Sem Fio Top,Eletrônicos,745.95,Mouse Sem Fio Top da categoria Eletrônicos. Produto de alta qualidade para o dia a dia.,https://via.placeholder.com/300x300?text=Item265,4
266,Chá Verde Pro,Alimentos e Bebidas,703.08,Chá Verde Pro da categoria Alimentos e Bebidas. Produto de alta qualidade para o dia a dia.,https://via.placeholder.com/300x300?text=Item266,0
267,Barra de Cereal Chocolate Trend,Alimentos e Bebidas,708.43,Barra de Cereal Chocolate Trend da categoria Alimentos e Bebidas. Produto de alta qualidade para o dia a dia.,https://via.placeholder.com/300x300?text=Item267,0
268,Marcador de Página Classic,Livros e Papelaria,372.3,Marcador de Página Classic da categoria Livros e Papelaria. Produto de alta qualidade para o dia a dia.,https://via.placeholder.com/300x300?text=Item268,6
269,Condicionador Hidratante Top,Beleza e Cuidados,307.72,Condicionador Hidratante Top da categoria Beleza e Cuidados. Produto de alta qualidade para o dia a dia.,https://via.placeholder.com/300x300?text=Item269,1
270,Escova de Cabelo Raquete Classic,Beleza e Cuidados,813.17,Escova de Cabelo Raquete Classic da categoria Beleza e Cuidados. Produto de alta qualidade para o dia a dia.,https://via.placeholder.com/300x300?text=Item270,1
271,Mouse Sem Fio Cool,Eletrônicos,813.91,Mouse Sem Fio Cool da categoria Eletrônicos. Produto de alta qualidade para o dia a dia.,https://via.placeholder.com/300x300?text=Item271,4
272,Abajur Led Pro,Casa e Decoração,869.73,Abajur Led Pro da categoria Casa e Decoração. Produto de alta qualidade para o dia a dia.,https://via.placeholder.com/300x300?text=Item272,3
273,Quadro Fotografia Cool,Casa e Decoração,914.98,Quadro Fotografia Cool da categoria Casa e Decoração. Produto de alta qualidade para o dia a dia.,https://via.placeholder.com/300x300?text=Item273,3
274,Barra de Cereal Chocolate Smart,Alimentos e Bebidas,521.12,Barra de Cereal Chocolate Smart da categoria Alimentos e Bebidas. Produto de alta qualidade para o dia a dia.,https://via.placeholder.com/300x300?text=Item274,0
275,Café Especial Lumina,Alimentos e Bebidas,511.49,Café Especial Lumina da categoria Alimentos e Bebidas. Produto de alta qualidade para o dia a dia.,https://via.placeholder.com/300x300?text=Item275,0
276,Perfume Cítrico Pro,Beleza e Cuidados,802.33,Perfume Cítrico Pro da categoria Beleza e Cuidados. Produto de alta qualidade para o dia a dia.,https://via.placeholder.com/300x300?text=Item276,1
277,Caneta Esferográfica Trend,Livros e Papelaria,656.96,Caneta Esferográfica Trend da categoria Livros e Papelaria. Produto de alta qualidade para o dia a dia.,https://via.placeholder.com/300x300?text=Item277,6
278,Hidratante Facial VerdeVida,Beleza e Cuidados,707.93,Hidratante Facial VerdeVida da categoria Beleza e Cuidados. Produto de alta qualidade para o dia a dia.,https://via.placeholder.com/300x300?text=Item278,1
279,Livro de Ficção Pro,Livros e Papelaria,799.88,Livro de Ficção Pro da categoria Livros e Papelaria. Produto de alta qualidade para o dia a dia.,https://via.placeholder.com/300x300?text=Item279,6
280,Jaqueta Corta-Vento Fit,Roupas,892.21,Jaqueta Corta-Vento Fit da categoria Roupas. Produto de alta qualidade para o dia a dia.,https://via.placeholder.com/300x300?text=Item280,7
281,Condicionador Hidratante Pro,Beleza e Cuidados,351.24,Condicionador Hidratante Pro da categoria Beleza e Cuidados. Produto de alta qualidade para o dia a dia.,https://via.placeholder.com/300x300?text=Item281,1
282,Tapete Geométrico Lumina,Casa e Decoração,388.07,Tapete Geométrico Lumina da categoria Casa e Decoração. Produto de alta qualidade para o dia a dia.,https://via.placeholder.com/300x300?text=Item282,3
283,Shorts Jeans Lumina,Roupas,112.1,Shorts Jeans Lumina da categoria Roupas. Produto de alta qualidade para o dia a dia.,https://via.placeholder.com/300x300?text=Item283,7
284,Boné Aba Reta Classic,Roupas,586.71,Boné Aba Reta Classic da categoria Roupas. Produto de alta qualidade para o dia a dia.,https://via.placeholder.com/300x300?text=Item284,7
285,Caneta Esferográfica Prime,Livros e Papelaria,55.22,Caneta Esferográfica Prime da categoria Livros e Papelaria. Produto de alta qualidade para o dia a dia.,https://via.placeholder.com/300x300?text=Item285,6
286,Luva de Goleiro Pro,Esportes,476.29,Luva de Goleiro Pro da categoria Esportes. Produto de alta qualidade para o dia a dia.,https://via.placeholder.com/300x300?text=Item286,5
287,Caneta Esferográfica Trend,Livros e Papelaria,551.79,Caneta Esferográfica Trend da categoria Livros e Papelaria. Produto de alta qualidade para o dia a dia.,https://via.placeholder.com/300x300?text=Item287,6
288,Quebra-Cabeça 500 Peças Nexus,Brinquedos,300.81,Quebra-Cabeça 500 Peças Nexus da categoria Brinquedos. Produto de alta qualidade para o dia a dia.,https://via.placeholder.com/300x300?text=Item288,2
289,Mouse Sem Fio Fit,Eletrônicos,599.02,Mouse Sem Fio Fit da categoria Eletrônicos. Produto de alta qualidade para o dia a dia.,https://via.placeholder.com/300x300?text=Item289,4
290,Luva de Goleiro Cool,Esportes,49.89,Luva de Goleiro Cool da categoria Esportes. Produto de alta qualidade para o dia a dia.,https://via.placeholder.com/300x300?text=Item290,5
291,Corda de Pular Smart,Esportes,56.6,Corda de Pular Smart da categoria Esportes. Produto de alta qualidade para o dia a dia.,https://via.placeholder.com/300x300?text=Item291,5
292,Puzzle Arte Fit,Livros e Papelaria,826.15,Puzzle Arte Fit da categoria Livros e Papelaria. Produto de alta qualidade para o dia a dia.,https://via.placeholder.com/300x300?text=Item292,6
293,Escova de Cabelo Raquete Pro,Beleza e Cuidados,372.99,Escova de Cabelo Raquete Pro da categoria Beleza e Cuidados. Produto de alta qualidade para o dia a dia.,https://via.placeholder.com/300x300?text=Item293,1
294,Corda de Pular Smart,Esportes,144.52,Corda de Pular Smart da categoria Esportes. Produto de alta qualidade para o dia a dia.,https://via.placeholder.com/300x300?text=Item294,5
295,Livro de Ficção Smart,Livros e Papelaria,531.8,Livro de Ficção Smart da categoria Livros e Papelaria. Produto de alta qualidade para o dia a dia.,https://via.placeholder.com/300x300?text=Item295,6
296,Tapete Geométrico Fit,Casa e Decoração,774.59,Tapete Geométrico Fit da categoria Casa e Decoração. Produto de alta qualidade para o dia a dia.,https://via.placeholder.com/300x300?text=Item296,3
297,Livro de Ficção Smart,Livros e Papelaria,231.5,Livro de Ficção Smart da categoria Livros e Papelaria. Produto de alta qualidade para o dia a dia.,https://via.placeholder.com/300x300?text=Item297,6
298,Porta-Retrato Metal VerdeVida,Casa e Decoração,630.43,Porta-Retrato Metal VerdeVida da categoria Casa e Decoração. Produto de alta qualidade para o dia a dia.,https://via.placeholder.com/300x300?text=Item298,3
299,Café Especial Classic,Alimentos e Bebidas,103.64,Café Especial Classic da categoria Alimentos e Bebidas. Produto de alta qualidade para o dia a dia.,https://via.placeholder.com/300x300?text=Item299,0
300,Puzzle Arte Smart,Livros e Papelaria,70.65,Puzzle Arte Smart da categoria Livros e Papelaria. Produto de alta qualidade para o dia a dia.,https://via.placeholder.com/300x300?text=Item300,6
301,Quadro Fotografia Cool,Casa e Decoração,540.73,Quadro Fotografia Cool da categoria Casa e Decoração. Produto de alta qualidade para o dia a dia.,https://via.placeholder.com/300x300?text=Item301,3
302,Meia Esportiva Trend,Roupas,549.82,Meia Esportiva Trend da categoria Roupas. Produto de alta qualidade para o dia a dia.,https://via.placeholder.com/300x300?text=Item302,7
303,Mouse Sem Fio Pro,Eletrônicos,644.68,Mouse Sem Fio Pro da categoria Eletrônicos. Produto de alta qualidade para o dia a dia.,https://via.placeholder.com/300x300?text=Item303,4
304,Puzzle Arte Nexus,Livros e Papelaria,731.57,Puzzle Arte Nexus da categoria Livros e Papelaria. Produto de alta qualidade para o dia a dia.,https://via.placeholder.com/300x300?text=Item304,6
305,Azeite Extra Virgem Cool,Alimentos e Bebidas,976.34,Azeite Extra Virgem Cool da categoria Alimentos e Bebidas. Produto de alta qualidade para o dia a dia.,https://via.placeholder.com/300x300?text=Item305,0
306,Perfume Cítrico Classic,Beleza e Cuidados,525.97,Perfume Cítrico Classic da categoria Beleza e Cuidados. Produto de alta qualidade para o dia a dia.,https://via.placeholder.com/300x300?text=Item306,1
307,Caderno Inteligente Classic,Livros e Papelaria,336.5,Caderno Inteligente Classic da categoria Livros e Papelaria. Produto de alta qualidade para o dia a dia.,https://via.placeholder.com/300x300?text=Item307,6
308,Azeite Extra Virgem Top,Alimentos e Bebidas,799.28,Azeite Extra Virgem Top da categoria Alimentos e Bebidas. Produto de alta qualidade para o dia a dia.,https://via.placeholder.com/300x300?text=Item308,0
309,Barra de Cereal Chocolate Cool,Alimentos e Bebidas,285.42,Barra de Cereal Chocolate Cool da categoria Alimentos e Bebidas. Produto de alta qualidade para o dia a dia.,https://via.placeholder.com/300x300?text=Item309,0
310,Haltere 5kg VerdeVida,Esportes,450.19,Haltere 5kg VerdeVida da categoria Esportes. Produto de alta qualidade para o dia a dia.,https://via.placeholder.com/300x300?text=Item310,5
311,Condicionador Hidratante Cool,Beleza e Cuidados,96.89,Condicionador Hidratante Cool da categoria Beleza e Cuidados. Produto de alta qualidade para o dia a dia.,https://via.placeholder.com/300x300?text=Item311,1
312,Hidratante Facial Lumina,Beleza e Cuidados,44.84,Hidratante Facial Lumina da categoria Beleza e Cuidados. Produto de alta qualidade para o dia a dia.,https://via.placeholder.com/300x300?text=Item312,1
313,Caderno Inteligente Classic,Livros e Papelaria,963.4,Caderno Inteligente Classic da categoria Livros e Papelaria. Produto de alta qualidade para o dia a dia.,https://via.placeholder.com/300x300?text=Item313,6
314,Caneta Esferográfica Fit,Livros e Papelaria,839.26,Caneta Esferográfica Fit da categoria Livros e Papelaria. Produto de alta qualidade para o dia a dia.,https://via.placeholder.com/300x300?text=Item314,6
315,Luva de Goleiro Fit,Esportes,702.05,Luva de Goleiro Fit da categoria Esportes. Produto de alta qualidade para o dia a dia.,https://via.placeholder.com/300x300?text=Item315,5
316,Quadro Fotografia Lumina,Casa e Decoração,420.77,Quadro Fotografia Lumina da categoria Casa e Decoração. Produto de alta qualidade para o dia a dia.,https://via.placeholder.com/300x300?text=Item316,3
317,Bola de Futebol Trend,Esportes,189.83,Bola de Futebol Trend da categoria Esportes. Produto de alta qualidade para o dia a dia.,https://via.placeholder.com/300x300?text=Item317,5
318,Shorts Jeans Classic,Roupas,173.31,Shorts Jeans Classic da categoria Roupas. Produto de alta qualidade para o dia a dia.,https://via.placeholder.com/300x300?text=Item318,7
319,Luva de Goleiro Nexus,Esportes,265.24,Luva de Goleiro Nexus da categoria Esportes. Produto de alta qualidade para o dia a dia.,https://via.placeholder.com/300x300?text=Item319,5
320,Azeite Extra Virgem Smart,Alimentos e Bebidas,558.24,Azeite Extra Virgem Smart da categoria Alimentos e Bebidas. Produto de alta qualidade para o dia a dia.,https://via.placeholder.com/300x300?text=Item320,0
321,Chá Verde Lumina,Alimentos e Bebidas,720.3,Chá Verde Lumina da categoria Alimentos e Bebidas. Produto de alta qualidade para o dia a dia.,https://via.placeholder.com/300x300?text=Item321,0
322,Kite Mini Classic,Brinquedos,666.99,Kite Mini Classic da categoria Brinquedos. Produto de alta qualidade para o dia a dia.,https://via.placeholder.com/300x300?text=Item322,2
323,Webcam HD Classic,Eletrônicos,294.34,Webcam HD Classic da categoria Eletrônicos. Produto de alta qualidade para o dia a dia.,https://via.placeholder.com/300x300?text=Item323,4
324,Boné Aba Reta Trend,Roupas,955.77,Boné Aba Reta Trend da categoria Roupas. Produto de alta qualidade para o dia a dia.,https://via.placeholder.com/300x300?text=Item324,7
325,Barra de Cereal Chocolate Classic,Alimentos e Bebidas,743.14,Barra de Cereal Chocolate Classic da categoria Alimentos e Bebidas. Produto de alta qualidade para o dia a dia.,https://via.placeholder.com/300x300?text=Item325,0
326,Escova de Cabelo Raquete Lumina,Beleza e Cuidados,563.27,Escova de Cabelo Raquete Lumina da categoria Beleza e Cuidados. Produto de alta qualidade para o dia a dia.,https://via.placeholder.com/300x300?text=Item326,1
327,Raquete Tênis Fit,Esportes,619.49,Raquete Tênis Fit da categoria Esportes. Produto de alta qualidade para o dia a dia.,https://via.placeholder.com/300x300?text=Item327,5
328,Haltere 5kg Nexus,Esportes,431.21,Haltere 5kg Nexus da categoria Esportes. Produto de alta qualidade para o dia a dia.,https://via.placeholder.com/300x300?text=Item328,5
329,Marcador de Página Smart,Livros e Papelaria,262.78,Marcador de Página Smart da categoria Livros e Papelaria. Produto de alta qualidade para o dia a dia.,https://via.placeholder.com/300x300?text=Item329,6
330,Mouse Sem Fio Nexus,Eletrônicos,368.85,Mouse Sem Fio Nexus da categoria Eletrônicos. Produto de alta qualidade para o dia a dia.,https://via.placeholder.com/300x300?text=Item330,4
331,Escova de Cabelo Ventoinha Pro,Beleza e Cuidados,762.69,Escova de Cabelo Ventoinha Pro da categoria Beleza e Cuidados. Produto de alta qualidade para o dia a dia.,https://via.placeholder.com/300x300?text=Item331,1
332,Raquete Tênis Nexus,Esportes,34.11,Raquete Tênis Nexus da categoria Esportes. Produto de alta qualidade para o dia a dia.,https://via.placeholder.com/300x300?text=Item332,5
333,Carregador Portátil Prime,Eletrônicos,133.75,Carregador Portátil Prime da categoria Eletrônicos. Produto de alta qualidade para o dia a dia.,https://via.placeholder.com/300x300?text=Item333,4
334,Condicionador Hidratante Smart,Beleza e Cuidados,65.08,Condicionador Hidratante Smart da categoria Beleza e Cuidados. Produto de alta qualidade para o dia a dia.,https://via.placeholder.com/300x300?text=Item334,1
335,Kite Mini Cool,Brinquedos,59.91,Kite Mini Cool da categoria Brinquedos. Produto de alta qualidade para o dia a dia.,https://via.placeholder.com/300x300?text=Item335,2
336,Quebra-Cabeça 500 Peças Trend,Brinquedos,858.35,Quebra-Cabeça 500 Peças Trend da categoria Brinquedos. Produto de alta qualidade para o dia a dia.,https://via.placeholder.com/300x300?text=Item336,2
337,Cerveja Stout VerdeVida,Alimentos e Bebidas,709.58,Cerveja Stout VerdeVida da categoria Alimentos e Bebidas. Produto de alta qualidade para o dia a dia.,https://via.placeholder.com/300x300?text=Item337,0
338,Corda de Pular Nexus,Esportes,484.69,Corda de Pular Nexus da categoria Esportes. Produto de alta qualidade para o dia a dia.,https://via.placeholder.com/300x300?text=Item338,5
339,Cerveja Stout Prime,Alimentos e Bebidas,115.88,Cerveja Stout Prime da categoria Alimentos e Bebidas. Produto de alta qualidade para o dia a dia.,https://via.placeholder.com/300x300?text=Item339,0
340,Webcam HD Trend,Eletrônicos,501.78,Webcam HD Trend da categoria Eletrônicos. Produto de alta qualidade para o dia a dia.,https://via.placeholder.com/300x300?text=Item340,4
341,Abajur Led Lumina,Casa e Decoração,484.0,Abajur Led Lumina da categoria Casa e Decoração. Produto de alta qualidade para o dia a dia.,https://via.placeholder.com/300x300?text=Item341,3
342,Cerveja Stout Classic,Alimentos e Bebidas,189.74,Cerveja Stout Classic da categoria Alimentos e Bebidas. Produto de alta qualidade para o dia a dia.,https://via.placeholder.com/300x300?text=Item342,0
343,Perfume Cítrico Cool,Beleza e Cuidados,445.17,Perfume Cítrico Cool da categoria Beleza e Cuidados. Produto de alta qualidade para o dia a dia.,https://via.placeholder.com/300x300?text=Item343,1
344,Jaqueta Corta-Vento Cool,Roupas,410.53,Jaqueta Corta-Vento Cool da categoria Roupas. Produto de alta qualidade para o dia a dia.,https://via.placeholder.com/300x300?text=Item344,7
345,Barra de Cereal Chocolate Classic,Alimentos e Bebidas,623.53,Barra de Cereal Chocolate Classic da categoria Alimentos e Bebidas. Produto de alta qualidade para o dia a dia.,https://via.placeholder.com/300x300?text=Item345,0
346,Jogo de Tabuleiro Cool,Brinquedos,642.39,Jogo de Tabuleiro Cool da categoria Brinquedos. Produto de alta qualidade para o dia a dia.,https://via.placeholder.com/300x300?text=Item346,2
347,Haltere 5kg Classic,Esportes,64.4,Haltere 5kg Classic da categoria Esportes. Produto de alta qualidade para o dia a dia.,https://via.placeholder.com/300x300?text=Item347,5
348,Escova de Cabelo Ventoinha Trend,Beleza e Cuidados,387.12,Escova de Cabelo Ventoinha Trend da categoria Beleza e Cuidados. Produto de alta qualidade para o dia a dia.,https://via.placeholder.com/300x300?text=Item348,1
349,Puzzle Arte Top,Livros e Papelaria,633.34,Puzzle Arte Top da categoria Livros e Papelaria. Produto de alta qualidade para o dia a dia.,https://via.placeholder.com/300x300?text=Item349,6
350,Corda de Pular Fit,Esportes,513.07,Corda de Pular Fit da categoria Esportes. Produto de alta qualidade para o dia a dia.,https://via.placeholder.com/300x300?text=Item350,5
351,Escova de Cabelo Raquete Smart,Beleza e Cuidados,859.36,Escova de Cabelo Raquete Smart da categoria Beleza e Cuidados. Produto de alta qualidade para o dia a dia.,https://via.placeholder.com/300x300?text=Item351,1
352,Haltere 5kg Smart,Esportes,665.52,Haltere 5kg Smart da categoria Esportes. Produto de alta qualidade para o dia a dia.,https://via.placeholder.com/300x300?text=Item352,5
353,Meia Esportiva Classic,Roupas,179.68,Meia Esportiva Classic da categoria Roupas. Produto de alta qualidade para o dia a dia.,https://via.placeholder.com/300x300?text=Item353,7
354,Escova de Cabelo Ventoinha Lumina,Beleza e Cuidados,89.16,Escova de Cabelo Ventoinha Lumina da categoria Beleza e Cuidados. Produto de alta qualidade para o dia a dia.,https://via.placeholder.com/300x300?text=Item354,1
355,Blocos de Montar Veículos Nexus,Brinquedos,649.57,Blocos de Montar Veículos Nexus da categoria Brinquedos. Produto de alta qualidade para o dia a dia.,https://via.placeholder.com/300x300?text=Item355,2
356,Tapete Geométrico Cool,Casa e Decoração,45.98,Tapete Geométrico Cool da categoria Casa e Decoração. Produto de alta qualidade para o dia a dia.,https://via.placeholder.com/300x300?text=Item356,3
357,Barra de Cereal Chocolate Nexus,Alimentos e Bebidas,594.06,Barra de Cereal Chocolate Nexus da categoria Alimentos e Bebidas. Produto de alta qualidade para o dia a dia.,https://via.placeholder.com/300x300?text=Item357,0
358,Shorts Jeans Classic,Roupas,941.43,Shorts Jeans Classic da categoria Roupas. Produto de alta qualidade para o dia a dia.,https://via.placeholder.com/300x300?text=Item358,7
359,Meia Esportiva Fit,Roupas,583.96,Meia Esportiva Fit da categoria Roupas. Produto de alta qualidade para o dia a dia.,https://via.placeholder.com/300x300?text=Item359,7
360,Barra de Cereal Chocolate Cool,Alimentos e Bebidas,400.41,Barra de Cereal Chocolate Cool da categoria Alimentos e Bebidas. Produto de alta qualidade para o dia a dia.,https://via.placeholder.com/300x300?text=Item360,0
361,Boneco Articulado Prime,Brinquedos,650.42,Boneco Articulado Prime da categoria Brinquedos. Produto de alta qualidade para o dia a dia.,https://via.placeholder.com/300x300?text=Item361,2
362,Quadro Fotografia VerdeVida,Casa e Decoração,469.09,Quadro Fotografia VerdeVida da categoria Casa e Decoração. Produto de alta qualidade para o dia a dia.,https://via.placeholder.com/300x300?text=Item362,3
363,Jogo de Tabuleiro VerdeVida,Brinquedos,554.7,Jogo de Tabuleiro VerdeVida da categoria Brinquedos. Produto de alta qualidade para o dia a dia.,https://via.placeholder.com/300x300?text=Item363,2
364,Escova de Cabelo Ventoinha Cool,Beleza e Cuidados,942.64,Escova de Cabelo Ventoinha Cool da categoria Beleza e Cuidados. Produto de alta qualidade para o dia a dia.,https://via.placeholder.com/300x300?text=Item364,1
365,Caneta Esferográfica Fit,Livros e Papelaria,398.38,Caneta Esferográfica Fit da categoria Livros e Papelaria. Produto de alta qualidade para o dia a dia.,https://via.placeholder.com/300x300?text=Item365,6
366,Carregador Portátil Pro,Eletrônicos,961.97,Carregador Portátil Pro da categoria Eletrônicos. Produto de alta qualidade para o dia a dia.,https://via.placeholder.com/300x300?text=Item366,4
367,Cerveja Stout Nexus,Alimentos e Bebidas,907.24,Cerveja Stout Nexus da categoria Alimentos e Bebidas. Produto de alta qualidade para o dia a dia.,https://via.placeholder.com/300x300?text=Item367,0
368,Corda de Pular Fit,Esportes,211.88,Corda de Pular Fit da categoria Esportes. Produto de alta qualidade para o dia a dia.,https://via.placeholder.com/300x300?text=Item368,5
369,Carregador Portátil Smart,Eletrônicos,87.97,Carregador Portátil Smart da categoria Eletrônicos. Produto de alta qualidade para o dia a dia.,https://via.placeholder.com/300x300?text=Item369,4
370,Hidratante Facial Pro,Beleza e Cuidados,118.76,Hidratante Facial Pro da categoria Beleza e Cuidados. Produto de alta qualidade para o dia a dia.,https://via.placeholder.com/300x300?text=Item370,1
371,Caneta Esferográfica Nexus,Livros e Papelaria,37.86,Caneta Esferográfica Nexus da categoria Livros e Papelaria. Produto de alta qualidade para o dia a dia.,https://via.placeholder.com/300x300?text=Item371,6
372,Hidratante Facial Trend,Beleza e Cuidados,112.55,Hidratante Facial Trend da categoria Beleza e Cuidados. Produto de alta qualidade para o dia a dia.,https://via.placeholder.com/300x300?text=Item372,1
373,Kite Mini Nexus,Brinquedos,689.35,Kite Mini Nexus da categoria Brinquedos. Produto de alta qualidade para o dia a dia.,https://via.placeholder.com/300x300?text=Item373,2
374,Abajur Led Smart,Casa e Decoração,89.76,Abajur Led Smart da categoria Casa e Decoração. Produto de alta qualidade para o dia a dia.,https://via.placeholder.com/300x300?text=Item374,3
375,Jogo de Tabuleiro Top,Brinquedos,332.6,Jogo de Tabuleiro Top da categoria Brinquedos. Produto de alta qualidade para o dia a dia.,https://via.placeholder.com/300x300?text=Item375,2
376,Carregador Portátil Cool,Eletrônicos,847.98,Carregador Portátil Cool da categoria Eletrônicos. Produto de alta qualidade para o dia a dia.,https://via.placeholder.com/300x300?text=Item376,4
377,Raquete Tênis Prime,Esportes,42.81,Raquete Tênis Prime da categoria Esportes. Produto de alta qualidade para o dia a dia.,https://via.placeholder.com/300x300?text=Item377,5
378,Camiseta Polo Cool,Roupas,818.18,Camiseta Polo Cool da categoria Roupas. Produto de alta qualidade para o dia a dia.,https://via.placeholder.com/300x300?text=Item378,7
379,Puzzle Arte Pro,Livros e Papelaria,296.22,Puzzle Arte Pro da categoria Livros e Papelaria. Produto de alta qualidade para o dia a dia.,https://via.placeholder.com/300x300?text=Item379,6
380,Tapete Geométrico Prime,Casa e Decoração,135.8,Tapete Geométrico Prime da categoria Casa e Decoração. Produto de alta qualidade para o dia a dia.,https://via.placeholder.com/300x300?text=Item380,3
381,Luva de Goleiro Fit,Esportes,702.8,Luva de Goleiro Fit da categoria Esportes. Produto de alta qualidade para o dia a dia.,https://via.placeholder.com/300x300?text=Item381,5
382,Corda de Pular Prime,Esportes,636.36,Corda de Pular Prime da categoria Esportes. Produto de alta qualidade para o dia a dia.,https://via.placeholder.com/300x300?text=Item382,5
383,Raquete Tênis Classic,Esportes,879.92,Raquete Tênis Classic da categoria Esportes. Produto de alta qualidade para o dia a dia.,https://via.placeholder.com/300x300?text=Item383,5
384,Haltere 5kg Smart,Esportes,740.37,Haltere 5kg Smart da categoria Esportes. Produto de alta qualidade para o dia a dia.,https://via.placeholder.com/300x300?text=Item384,5
385,Blocos de Montar Veículos Classic,Brinquedos,807.41,Blocos de Montar Veículos Classic da categoria Brinquedos. Produto de alta qualidade para o dia a dia.,https://via.placeholder.com/300x300?text=Item385,2
386,Caderno Inteligente Fit,Livros e Papelaria,296.39,Caderno Inteligente Fit da categoria Livros e Papelaria. Produto de alta qualidade para o dia a dia.,https://via.placeholder.com/300x300?text=Item386,6
387,Teclado Mecânico VerdeVida,Eletrônicos,193.89,Teclado Mecânico VerdeVida da categoria Eletrônicos. Produto de alta qualidade para o dia a dia.,https://via.placeholder.com/300x300?text=Item387,4
388,Kite Mini Trend,Brinquedos,755.6,Kite Mini Trend da categoria Brinquedos. Produto de alta qualidade para o dia a dia.,https://via.placeholder.com/300x300?text=Item388,2
389,Escova de Cabelo Ventoinha Pro,Beleza e Cuidados,810.7,Escova de Cabelo Ventoinha Pro da categoria Beleza e Cuidados. Produto de alta qualidade para o dia a dia.,https://via.placeholder.com/300x300?text=Item389,1
390,Puzzle Arte Nexus,Livros e Papelaria,990.7,Puzzle Arte Nexus da categoria Livros e Papelaria. Produto de alta qualidade para o dia a dia.,https://via.placeholder.com/300x300?text=Item390,6
391,Tapete Geométrico Smart,Casa e Decoração,424.37,Tapete Geométrico Smart da categoria Casa e Decoração. Produto de alta qualidade para o dia a dia.,https://via.placeholder.com/300x300?text=Item391,3
392,Shorts Jeans Top,Roupas,384.58,Shorts Jeans Top da categoria Roupas. Produto de alta qualidade para o dia a dia.,https://via.placeholder.com/300x300?text=Item392,7
393,Chá Verde Top,Alimentos e Bebidas,780.88,Chá Verde Top da categoria Alimentos e Bebidas. Produto de alta qualidade para o dia a dia.,https://via.placeholder.com/300x300?text=Item393,0
394,Webcam HD Top,Eletrônicos,353.99,Webcam HD Top da categoria Eletrônicos. Produto de alta qualidade para o dia a dia.,https://via.placeholder.com/300x300?text=Item394,4
395,Quadro Fotografia Fit,Casa e Decoração,932.14,Quadro Fotografia Fit da categoria Casa e Decoração. Produto de alta qualidade para o dia a dia.,https://via.placeholder.com/300x300?text=Item395,3
396,Chá Verde Smart,Alimentos e Bebidas,861.24,Chá Verde Smart da categoria Alimentos e Bebidas. Produto de alta qualidade para o dia a dia.,https://via.placeholder.com/300x300?text=Item396,0
397,Escova de Cabelo Ventoinha Prime,Beleza e Cuidados,440.41,Escova de Cabelo Ventoinha Prime da categoria Beleza e Cuidados. Produto de alta qualidade para o dia a dia.,https://via.placeholder.com/300x300?text=Item397,1
398,Escova de Cabelo Ventoinha Pro,Beleza e Cuidados,755.85,Escova de Cabelo Ventoinha Pro da categoria Beleza e Cuidados. Produto de alta qualidade para o dia a dia.,https://via.placeholder.com/300x300?text=Item398,1
399,Boné Aba Reta Smart,Roupas,759.45,Boné Aba Reta Smart da categoria Roupas. Produto de alta qualidade para o dia a dia.,https://via.placeholder.com/300x300?text=Item399,7
400,Blocos de Montar Veículos Lumina,Brinquedos,121.06,Blocos de Montar Veículos Lumina da categoria Brinquedos. Produto de alta qualidade para o dia a dia.,https://via.placeholder.com/300x300?text=Item400,2
401,Kite Mini Prime,Brinquedos,904.5,Kite Mini Prime da categoria Brinquedos. Produto de alta qualidade para o dia a dia.,https://via.placeholder.com/300x300?text=Item401,2
402,Condicionador Hidratante Prime,Beleza e Cuidados,515.15,Condicionador Hidratante Prime da categoria Beleza e Cuidados. Produto de alta qualidade para o dia a dia.,https://via.placeholder.com/300x300?text=Item402,1
403,Corda de Pular Pro,Esportes,829.93,Corda de Pular Pro da categoria Esportes. Produto de alta qualidade para o dia a dia.,https://via.placeholder.com/300x300?text=Item403,5
404,Carregador Portátil Classic,Eletrônicos,333.65,Carregador Portátil Classic da categoria Eletrônicos. Produto de alta qualidade para o dia a dia.,https://via.placeholder.com/300x300?text=Item404,4
405,Jogo de Tabuleiro Lumina,Brinquedos,897.61,Jogo de Tabuleiro Lumina da categoria Brinquedos. Produto de alta qualidade para o dia a dia.,https://via.placeholder.com/300x300?text=Item405,2
406,Carregador Portátil VerdeVida,Eletrônicos,401.42,Carregador Portátil VerdeVida da categoria Eletrônicos. Produto de alta qualidade para o dia a dia.,https://via.placeholder.com/300x300?text=Item406,4
407,Tapete Geométrico Smart,Casa e Decoração,30.62,Tapete Geométrico Smart da categoria Casa e Decoração. Produto de alta qualidade para o dia a dia.,https://via.placeholder.com/300x300?text=Item407,3
408,Perfume Cítrico Nexus,Beleza e Cuidados,907.27,Perfume Cítrico Nexus da categoria Beleza e Cuidados. Produto de alta qualidade para o dia a dia.,https://via.placeholder.com/300x300?text=Item408,1
409,Camiseta Polo Classic,Roupas,109.46,Camiseta Polo Classic da categoria Roupas. Produto de alta qualidade para o dia a dia.,https://via.placeholder.com/300x300?text=Item409,7
410,Luva de Goleiro Nexus,Esportes,332.93,Luva de Goleiro Nexus da categoria Esportes. Produto de alta qualidade para o dia a dia.,https://via.placeholder.com/300x300?text=Item410,5
411,Carregador Portátil Classic,Eletrônicos,951.06,Carregador Portátil Classic da categoria Eletrônicos. Produto de alta qualidade para o dia a dia.,https://via.placeholder.com/300x300?text=Item411,4
412,Fone de Ouvido Sem Fio Fit,Eletrônicos,951.6,Fone de Ouvido Sem Fio Fit da categoria Eletrônicos. Produto de alta qualidade para o dia a dia.,https://via.placeholder.com/300x300?text=Item412,4
413,Barra de Cereal Chocolate Prime,Alimentos e Bebidas,581.97,Barra de Cereal Chocolate Prime da categoria Alimentos e Bebidas. Produto de alta qualidade para o dia a dia.,https://via.placeholder.com/300x300?text=Item413,0
414,Hidratante Facial Nexus,Beleza e Cuidados,639.2,Hidratante Facial Nexus da categoria Beleza e Cuidados. Produto de alta qualidade para o dia a dia.,https://via.placeholder.com/300x300?text=Item414,1
415,Boneco Articulado Lumina,Brinquedos,459.48,Boneco Articulado Lumina da categoria Brinquedos. Produto de alta qualidade para o dia a dia.,https://via.placeholder.com/300x300?text=Item415,2
416,Perfume Cítrico VerdeVida,Beleza e Cuidados,307.35,Perfume Cítrico VerdeVida da categoria Beleza e Cuidados. Produto de alta qualidade para o dia a dia.,https://via.placeholder.com/300x300?text=Item416,1
417,Raquete Tênis Pro,Esportes,342.09,Raquete Tênis Pro da categoria Esportes. Produto de alta qualidade para o dia a dia.,https://via.placeholder.com/300x300?text=Item417,5
418,Abajur Led Classic,Casa e Decoração,679.07,Abajur Led Classic da categoria Casa e Decoração. Produto de alta qualidade para o dia a dia.,https://via.placeholder.com/300x300?text=Item418,3
419,Abajur Led Fit,Casa e Decoração,757.33,Abajur Led Fit da categoria Casa e Decoração. Produto de alta qualidade para o dia a dia.,https://via.placeholder.com/300x300?text=Item419,3
420,Livro de Ficção Trend,Livros e Papelaria,795.75,Livro de Ficção Trend da categoria Livros e Papelaria. Produto de alta qualidade para o dia a dia.,https://via.placeholder.com/300x300?text=Item420,6
421,Teclado Mecânico Trend,Eletrônicos,793.83,Teclado Mecânico Trend da categoria Eletrônicos. Produto de alta qualidade para o dia a dia.,https://via.placeholder.com/300x300?text=Item421,4
422,Quebra-Cabeça 500 Peças Fit,Brinquedos,109.38,Quebra-Cabeça 500 Peças Fit da categoria Brinquedos. Produto de alta qualidade para o dia a dia.,https://via.placeholder.com/300x300?text=Item422,2
423,Azeite Extra Virgem Pro,Alimentos e Bebidas,504.53,Azeite Extra Virgem Pro da categoria Alimentos e Bebidas. Produto de alta qualidade para o dia a dia.,https://via.placeholder.com/300x300?text=Item423,0
424,Fone de Ouvido Sem Fio Pro,Eletrônicos,76.41,Fone de Ouvido Sem Fio Pro da categoria Eletrônicos. Produto de alta qualidade para o dia a dia.,https://via.placeholder.com/300x300?text=Item424,4
425,Raquete Tênis Fit,Esportes,558.54,Raquete Tênis Fit da categoria Esportes. Produto de alta qualidade para o dia a dia.,https://via.placeholder.com/300x300?text=Item425,5
426,Chá Verde Smart,Alimentos e Bebidas,452.7,Chá Verde Smart da categoria Alimentos e Bebidas. Produto de alta qualidade para o dia a dia.,https://via.placeholder.com/300x300?text=Item426,0
427,Kite Mini Trend,Brinquedos,889.95,Kite Mini Trend da categoria Brinquedos. Produto de alta qualidade para o dia a dia.,https://via.placeholder.com/300x300?text=Item427,2
428,Boneco Articulado Smart,Brinquedos,363.9,Boneco Articulado Smart da categoria Brinquedos. Produto de alta qualidade para o dia a dia.,https://via.placeholder.com/300x300?text=Item428,2
429,Hidratante Facial Cool,Beleza e Cuidados,134.73,Hidratante Facial Cool da categoria Beleza e Cuidados. Produto de alta qualidade para o dia a dia.,https://via.placeholder.com/300x300?text=Item429,1
430,Kite Mini Lumina,Brinquedos,160.13,Kite Mini Lumina da categoria Brinquedos. Produto de alta qualidade para o dia a dia.,https://via.placeholder.com/300x300?text=Item430,2
431,Quadro Fotografia Nexus,Casa e Decoração,766.28,Quadro Fotografia Nexus da categoria Casa e Decoração. Produto de alta qualidade para o dia a dia.,https://via.placeholder.com/300x300?text=Item431,3
432,Caderno Inteligente Pro,Livros e Papelaria,625.85,Caderno Inteligente Pro da categoria Livros e Papelaria. Produto de alta qualidade para o dia a dia.,https://via.placeholder.com/300x300?text=Item432,6
433,Jogo de Tabuleiro Fit,Brinquedos,119.1,Jogo de Tabuleiro Fit da categoria Brinquedos. Produto de alta qualidade para o dia a dia.,https://via.placeholder.com/300x300?text=Item433,2
434,Teclado Mecânico Lumina,Eletrônicos,102.42,Teclado Mecânico Lumina da categoria Eletrônicos. Produto de alta qualidade para o dia a dia.,https://via.placeholder.com/300x300?text=Item434,4
435,Abajur Led VerdeVida,Casa e Decoração,706.95,Abajur Led VerdeVida da categoria Casa e Decoração. Produto de alta qualidade para o dia a dia.,https://via.placeholder.com/300x300?text=Item435,3
436,Meia Esportiva Nexus,Roupas,91.31,Meia Esportiva Nexus da categoria Roupas. Produto de alta qualidade para o dia a dia.,https://via.placeholder.com/300x300?text=Item436,7
437,Condicionador Hidratante Prime,Beleza e Cuidados,825.42,Condicionador Hidratante Prime da categoria Beleza e Cuidados. Produto de alta qualidade para o dia a dia.,https://via.placeholder.com/300x300?text=Item437,1
438,Escova de Cabelo Raquete Fit,Beleza e Cuidados,712.12,Escova de Cabelo Raquete Fit da categoria Beleza e Cuidados. Produto de alta qualidade para o dia a dia.,https://via.placeholder.com/300x300?text=Item438,1
439,Kite Mini Prime,Brinquedos,99.72,Kite Mini Prime da categoria Brinquedos. Produto de alta qualidade para o dia a dia.,https://via.placeholder.com/300x300?text=Item439,2
440,Chá Verde Nexus,Alimentos e Bebidas,103.14,Chá Verde Nexus da categoria Alimentos e Bebidas. Produto de alta qualidade para o dia a dia.,https://via.placeholder.com/300x300?text=Item440,0
441,Raquete Tênis Prime,Esportes,986.91,Raquete Tênis Prime da categoria Esportes. Produto de alta qualidade para o dia a dia.,https://via.placeholder.com/300x300?text=Item441,5
442,Camiseta Polo VerdeVida,Roupas,386.79,Camiseta Polo VerdeVida da categoria Roupas. Produto de alta qualidade para o dia a dia.,https://via.placeholder.com/300x300?text=Item442,7
443,Abajur Led Trend,Casa e Decoração,383.23,Abajur Led Trend da categoria Casa e Decoração. Produto de alta qualidade para o dia a dia.,https://via.placeholder.com/300x300?text=Item443,3
444,Caneta Esferográfica Prime,Livros e Papelaria,816.54,Caneta Esferográfica Prime da categoria Livros e Papelaria. Produto de alta qualidade para o dia a dia.,https://via.placeholder.com/300x300?text=Item444,6
445,Quebra-Cabeça 500 Peças Fit,Brinquedos,948.3,Quebra-Cabeça 500 Peças Fit da categoria Brinquedos. Produto de alta qualidade para o dia a dia.,https://via.placeholder.com/300x300?text=Item445,2
446,Fone de Ouvido Sem Fio Prime,Eletrônicos,986.28,Fone de Ouvido Sem Fio Prime da categoria Eletrônicos. Produto de alta qualidade para o dia a dia.,https://via.placeholder.com/300x300?text=Item446,4
447,Chá Verde Smart,Alimentos e Bebidas,758.31,Chá Verde Smart da categoria Alimentos e Bebidas. Produto de alta qualidade para o dia a dia.,https://via.placeholder.com/300x300?text=Item447,0
448,Teclado Mecânico Classic,Eletrônicos,388.73,Teclado Mecânico Classic da categoria Eletrônicos. Produto de alta qualidade para o dia a dia.,https://via.placeholder.com/300x300?text=Item448,4
449,Luva de Goleiro Lumina,Esportes,101.83,Luva de Goleiro Lumina da categoria Esportes. Produto de alta qualidade para o dia a dia.,https://via.placeholder.com/300x300?text=Item449,5
450,Livro de Ficção Cool,Livros e Papelaria,781.6,Livro de Ficção Cool da categoria Livros e Papelaria. Produto de alta qualidade para o dia a dia.,https://via.placeholder.com/300x300?text=Item450,6
451,Tapete Geométrico Pro,Casa e Decoração,567.24,Tapete Geométrico Pro da categoria Casa e Decoração. Produto de alta qualidade para o dia a dia.,https://via.placeholder.com/300x300?text=Item451,3
452,Boneco Articulado Pro,Brinquedos,435.74,Boneco Articulado Pro da categoria Brinquedos. Produto de alta qualidade para o dia a dia.,https://via.placeholder.com/300x300?text=Item452,2
453,Hidratante Facial Classic,Beleza e Cuidados,908.23,Hidratante Facial Classic da categoria Beleza e Cuidados. Produto de alta qualidade para o dia a dia.,https://via.placeholder.com/300x300?text=Item453,1
454,Condicionador Hidratante Top,Beleza e Cuidados,128.97,Condicionador Hidratante Top da categoria Beleza e Cuidados. Produto de alta qualidade para o dia a dia.,https://via.placeholder.com/300x300?text=Item454,1
455,Corda de Pular Smart,Esportes,502.77,Corda de Pular Smart da categoria Esportes. Produto de alta qualidade para o dia a dia.,https://via.placeholder.com/300x300?text=Item455,5
456,Boné Aba Reta Cool,Roupas,31.13,Boné Aba Reta Cool da categoria Roupas. Produto de alta qualidade para o dia a dia.,https://via.placeholder.com/300x300?text=Item456,7
457,Quadro Fotografia Cool,Casa e Decoração,479.29,Quadro Fotografia Cool da categoria Casa e Decoração. Produto de alta qualidade para o dia a dia.,https://via.placeholder.com/300x300?text=Item457,3
458,Escova de Cabelo Raquete Pro,Beleza e Cuidados,75.18,Escova de Cabelo Raquete Pro da categoria Beleza e Cuidados. Produto de alta qualidade para o dia a dia.,https://via.placeholder.com/300x300?text=Item458,1
459,Jaqueta Corta-Vento Trend,Roupas,136.44,Jaqueta Corta-Vento Trend da categoria Roupas. Produto de alta qualidade para o dia a dia.,https://via.placeholder.com/300x300?text=Item459,7
460,Cerveja Stout Trend,Alimentos e Bebidas,135.18,Cerveja Stout Trend da categoria Alimentos e Bebidas. Produto de alta qualidade para o dia a dia.,https://via.placeholder.com/300x300?text=Item460,0
461,Tapete Geométrico VerdeVida,Casa e Decoração,656.23,Tapete Geométrico VerdeVida da categoria Casa e Decoração. Produto de alta qualidade para o dia a dia.,https://via.placeholder.com/300x300?text=Item461,3
462,Kite Mini Trend,Brinquedos,751.12,Kite Mini Trend da categoria Brinquedos. Produto de alta qualidade para o dia a dia.,https://via.placeholder.com/300x300?text=Item462,2
463,Jaqueta Corta-Vento Smart,Roupas,591.7,Jaqueta Corta-Vento Smart da categoria Roupas. Produto de alta qualidade para o dia a dia.,https://via.placeholder.com/300x300?text=Item463,7
464,Puzzle Arte Fit,Livros e Papelaria,962.93,Puzzle Arte Fit da categoria Livros e Papelaria. Produto de alta qualidade para o dia a dia.,https://via.placeholder.com/300x300?text=Item464,6
465,Corda de Pular Trend,Esportes,387.37,Corda de Pular Trend da categoria Esportes. Produto de alta qualidade para o dia a dia.,https://via.placeholder.com/300x300?text=Item465,5
466,Haltere 5kg Pro,Esportes,300.0,Haltere 5kg Pro da categoria Esportes. Produto de alta qualidade para o dia a dia.,https://via.placeholder.com/300x300?text=Item466,5
467,Raquete Tênis Fit,Esportes,871.23,Raquete Tênis Fit da categoria Esportes. Produto de alta qualidade para o dia a dia.,https://via.placeholder.com/300x300?text=Item467,5
468,Chá Verde Classic,Alimentos e Bebidas,239.12,Chá Verde Classic da categoria Alimentos e Bebidas. Produto de alta qualidade para o dia a dia.,https://via.placeholder.com/300x300?text=Item468,0
469,Kite Mini Trend,Brinquedos,963.96,Kite Mini Trend da categoria Brinquedos. Produto de alta qualidade para o dia a dia.,https://via.placeholder.com/300x300?text=Item469,2
470,Mouse Sem Fio Trend,Eletrônicos,31.91,Mouse Sem Fio Trend da categoria Eletrônicos. Produto de alta qualidade para o dia a dia.,https://via.placeholder.com/300x300?text=Item470,4
471,Corda de Pular Pro,Esportes,970.48,Corda de Pular Pro da categoria Esportes. Produto de alta qualidade para o dia a dia.,https://via.placeholder.com/300x300?text=Item471,5
472,Haltere 5kg Fit,Esportes,62.3,Haltere 5kg Fit da categoria Esportes. Produto de alta qualidade para o dia a dia.,https://via.placeholder.com/300x300?text=Item472,5
473,Porta-Retrato Metal Prime,Casa e Decoração,893.32,Porta-Retrato Metal Prime da categoria Casa e Decoração. Produto de alta qualidade para o dia a dia.,https://via.placeholder.com/300x300?text=Item473,3
474,Webcam HD Nexus,Eletrônicos,537.15,Webcam HD Nexus da categoria Eletrônicos. Produto de alta qualidade para o dia a dia.,https://via.placeholder.com/300x300?text=Item474,4
475,Webcam HD VerdeVida,Eletrônicos,993.11,Webcam HD VerdeVida da categoria Eletrônicos. Produto de alta qualidade para o dia a dia.,https://via.placeholder.com/300x300?text=Item475,4
476,Porta-Retrato Metal Fit,Casa e Decoração,92.32,Porta-Retrato Metal Fit da categoria Casa e Decoração. Produto de alta qualidade para o dia a dia.,https://via.placeholder.com/300x300?text=Item476,3
477,Cerveja Stout Pro,Alimentos e Bebidas,562.78,Cerveja Stout Pro da categoria Alimentos e Bebidas. Produto de alta qualidade para o dia a dia.,https://via.placeholder.com/300x300?text=Item477,0
478,Café Especial Top,Alimentos e Bebidas,969.92,Café Especial Top da categoria Alimentos e Bebidas. Produto de alta qualidade para o dia a dia.,https://via.placeholder.com/300x300?text=Item478,0
479,Chá Verde Prime,Alimentos e Bebidas,532.64,Chá Verde Prime da categoria Alimentos e Bebidas. Produto de alta qualidade para o dia a dia.,https://via.placeholder.com/300x300?text=Item479,0
480,Mouse Sem Fio Nexus,Eletrônicos,636.81,Mouse Sem Fio Nexus da categoria Eletrônicos. Produto de alta qualidade para o dia a dia.,https://via.placeholder.com/300x300?text=Item480,4
481,Livro de Ficção Lumina,Livros e Papelaria,701.83,Livro de Ficção Lumina da categoria Livros e Papelaria. Produto de alta qualidade para o dia a dia.,https://via.placeholder.com/300x300?text=Item481,6
482,Marcador de Página Nexus,Livros e Papelaria,465.45,Marcador de Página Nexus da categoria Livros e Papelaria. Produto de alta qualidade para o dia a dia.,https://via.placeholder.com/300x300?text=Item482,6
483,Quebra-Cabeça 500 Peças Prime,Brinquedos,635.01,Quebra-Cabeça 500 Peças Prime da categoria Brinquedos. Produto de alta qualidade para o dia a dia.,https://via.placeholder.com/300x300?text=Item483,2
484,Puzzle Arte Classic,Livros e Papelaria,592.63,Puzzle Arte Classic da categoria Livros e Papelaria. Produto de alta qualidade para o dia a dia.,https://via.placeholder.com/300x300?text=Item484,6
485,Caneta Esferográfica Cool,Livros e Papelaria,903.13,Caneta Esferográfica Cool da categoria Livros e Papelaria. Produto de alta qualidade para o dia a dia.,https://via.placeholder.com/300x300?text=Item485,6
486,Shorts Jeans VerdeVida,Roupas,64.54,Shorts Jeans VerdeVida da categoria Roupas. Produto de alta qualidade para o dia a dia.,https://via.placeholder.com/300x300?text=Item486,7
487,Teclado Mecânico Classic,Eletrônicos,295.34,Teclado Mecânico Classic da categoria Eletrônicos. Produto de alta qualidade para o dia a dia.,https://via.placeholder.com/300x300?text=Item487,4
488,Puzzle Arte Smart,Livros e Papelaria,951.4,Puzzle Arte Smart da categoria Livros e Papelaria. Produto de alta qualidade para o dia a dia.,https://via.placeholder.com/300x300?text=Item488,6
489,Quebra-Cabeça 500 Peças Pro,Brinquedos,892.46,Quebra-Cabeça 500 Peças Pro da categoria Brinquedos. Produto de alta qualidade para o dia a dia.,https://via.placeholder.com/300x300?text=Item489,2
490,Webcam HD Lumina,Eletrônicos,466.54,Webcam HD Lumina da categoria Eletrônicos. Produto de alta qualidade para o dia a dia.,https://via.placeholder.com/300x300?text=Item490,4
491,Luva de Goleiro Lumina,Esportes,627.73,Luva de Goleiro Lumina da categoria Esportes. Produto de alta qualidade para o dia a dia.,https://via.placeholder.com/300x300?text=Item491,5
492,Jaqueta Corta-Vento Lumina,Roupas,291.83,Jaqueta Corta-Vento Lumina da categoria Roupas. Produto de alta qualidade para o dia a dia.,https://via.placeholder.com/300x300?text=Item492,7
493,Porta-Retrato Metal Lumina,Casa e Decoração,204.36,Porta-Retrato Metal Lumina da categoria Casa e Decoração. Produto de alta qualidade para o dia a dia.,https://via.placeholder.com/300x300?text=Item493,3
494,Marcador de Página Prime,Livros e Papelaria,474.42,Marcador de Página Prime da categoria Livros e Papelaria. Produto de alta qualidade para o dia a dia.,https://via.placeholder.com/300x300?text=Item494,6
495,Jaqueta Corta-Vento Pro,Roupas,366.29,Jaqueta Corta-Vento Pro da categoria Roupas. Produto de alta qualidade para o dia a dia.,https://via.placeholder.com/300x300?text=Item495,7
496,Kite Mini VerdeVida,Brinquedos,591.98,Kite Mini VerdeVida da categoria Brinquedos. Produto de alta qualidade para o dia a dia.,https://via.placeholder.com/300x300?text=Item496,2
497,Barra de Cereal Chocolate Top,Alimentos e Bebidas,96.18,Barra de Cereal Chocolate Top da categoria Alimentos e Bebidas. Produto de alta qualidade para o dia a dia.,https://via.placeholder.com/300x300?text=Item497,0
498,Livro de Ficção VerdeVida,Livros e Papelaria,974.91,Livro de Ficção VerdeVida da categoria Livros e Papelaria. Produto de alta qualidade para o dia a dia.,https://via.placeholder.com/300x300?text=Item498,6
499,Café Especial Fit,Alimentos e Bebidas,986.49,Café Especial Fit da categoria Alimentos e Bebidas. Produto de alta qualidade para o dia a dia.,https://via.placeholder.com/300x300?text=Item499,0
